"","SITE","SUBSITE","TRTMT","PLOT","YEAR","SPP","STATUS","TISSUE","X","Y","Hit.Order","Abundance","Height..cm.","X.1","X.2","unique_coords"
"19","QHI","HE","CTL",1,1999,"SALPUL","LIVE","LEAF",1,7,NA,2,6.5,"","","17"
"44","QHI","HE","CTL",1,1999,"SALPUL","LIVE","STEM",2,7,NA,1,0,"","","27"
"202","QHI","HE","CTL",1,1999,"SALPUL","LIVE","LEAF",10,1,NA,2,7,"","","101"
"230","QHI","HE","CTL",2,1999,"SALPUL","LIVE","LEAF",1,2,NA,3,8,"","","12"
"232","QHI","HE","CTL",2,1999,"SALPUL","STANDINGDEAD","STEM",1,3,NA,1,0,"","","13"
"241","QHI","HE","CTL",2,1999,"SALPUL","LIVE","LEAF",1,7,NA,1,5,"","","17"
"250","QHI","HE","CTL",2,1999,"SALPUL","LIVE","LEAF",2,1,NA,1,5.5,"","","21"
"261","QHI","HE","CTL",2,1999,"SALPUL","LIVE","LEAF",2,7,NA,2,7.5,"","","27"
"266","QHI","HE","CTL",2,1999,"SALPUL","LIVE","LEAF",2,9,NA,4,9.5,"","","29"
"283","QHI","HE","CTL",2,1999,"SALPUL","LIVE","LEAF",3,9,NA,1,2,"","","39"
"286","QHI","HE","CTL",2,1999,"SALPUL","LIVE","LEAF",4,1,NA,1,8,"","","41"
"303","QHI","HE","CTL",2,1999,"SALPUL","LIVE","LEAF",4,9,NA,1,5.5,"","","49"
"322","QHI","HE","CTL",2,1999,"SALPUL","LIVE","LEAF",5,9,NA,2,5.5,"","","59"
"341","QHI","HE","CTL",2,1999,"SALPUL","LIVE","LEAF",6,9,NA,2,2.5,"","","69"
"365","QHI","HE","CTL",2,1999,"SALPUL","LIVE","STEM",8,1,NA,1,0,"","","81"
"411","QHI","HE","CTL",2,1999,"SALPUL","LIVE","LEAF",9,9,NA,1,6.5,"","","99"
"437","QHI","HE","CTL",3,1999,"SALPUL","LIVE","LEAF",1,1,NA,1,5.5,"","","11"
"439","QHI","HE","CTL",3,1999,"SALPUL","LIVE","LEAF",1,2,NA,1,8,"","","12"
"449","QHI","HE","CTL",3,1999,"SALPUL","LIVE","LEAF",1,6,NA,1,6,"","","16"
"459","QHI","HE","CTL",3,1999,"SALPUL","LIVE","LEAF",1,10,NA,1,6.5,"","","110"
"480","QHI","HE","CTL",3,1999,"SALPUL","LIVE","LEAF",2,8,NA,3,3,"","","28"
"510","QHI","HE","CTL",3,1999,"SALPUL","LIVE","LEAF",3,10,NA,1,8,"","","310"
"513","QHI","HE","CTL",3,1999,"SALPUL","LIVE","LEAF",4,1,NA,1,10,"","","41"
"640","QHI","HE","CTL",3,1999,"SALPUL","LIVE","LEAF",9,9,NA,2,2,"","","99"
"667","QHI","HE","CTL",3,1999,"SALPUL","LIVE","LEAF",10,9,NA,1,4.5,"","","109"
"674","QHI","HE","CTL",4,1999,"SALPUL","LIVE","LEAF",1,1,NA,1,6.5,"","","11"
"683","QHI","HE","CTL",4,1999,"SALPUL","LIVE","LEAF",1,4,NA,4,7,"","","14"
"686","QHI","HE","CTL",4,1999,"SALPUL","LIVE","LEAF",1,5,NA,2,5,"","","15"
"706","QHI","HE","CTL",4,1999,"SALPUL","LIVE","LEAF",2,3,NA,1,7,"","","23"
"728","QHI","HE","CTL",4,1999,"SALPUL","LIVE","LEAF",3,2,NA,1,2.5,"","","32"
"734","QHI","HE","CTL",4,1999,"SALPUL","LIVE","LEAF",3,4,NA,4,6,"","","34"
"738","QHI","HE","CTL",4,1999,"SALPUL","LIVE","LEAF",3,5,NA,1,4,"","","35"
"742","QHI","HE","CTL",4,1999,"SALPUL","LIVE","LEAF",3,6,NA,2,5.5,"","","36"
"753","QHI","HE","CTL",4,1999,"SALPUL","LIVE","LEAF",3,9,NA,1,9,"","","39"
"788","QHI","HE","CTL",4,1999,"SALPUL","LIVE","LEAF",5,1,NA,1,4.5,"","","51"
"813","QHI","HE","CTL",4,1999,"SALPUL","LIVE","LEAF",6,1,NA,3,7,"","","61"
"893","QHI","HE","CTL",4,1999,"SALPUL","LIVE","LEAF",9,5,NA,3,0,"","","95"
"898","QHI","HE","CTL",4,1999,"SALPUL","LIVE","LEAF",9,7,NA,1,6,"","","97"
"903","QHI","HE","CTL",4,1999,"SALPUL","LIVE","LEAF",9,9,NA,1,7.5,"","","99"
"911","QHI","HE","CTL",4,1999,"SALPUL","LIVE","LEAF",10,2,NA,1,1.5,"","","102"
"917","QHI","HE","CTL",4,1999,"SALPUL","LIVE","LEAF",10,5,NA,1,0,"","","105"
"921","QHI","HE","CTL",4,1999,"SALPUL","LIVE","LEAF",10,6,NA,1,7.5,"","","106"
"923","QHI","HE","CTL",4,1999,"SALPUL","LIVE","LEAF",10,7,NA,2,0,"","","107"
"931","QHI","HE","CTL",4,1999,"SALPUL","LIVE","LEAF",10,9,NA,2,2,"","","109"
"1031","QHI","HE","CTL",5,1999,"SALPUL","LIVE","LEAF",4,7,NA,1,3.5,"","","47"
"1053","QHI","HE","CTL",5,1999,"SALPUL","LIVE","LEAF",5,6,NA,1,5,"","","56"
"1085","QHI","HE","CTL",5,1999,"SALPUL","LIVE","LEAF",6,8,NA,1,1,"","","68"
"1180","QHI","HE","CTL",6,1999,"SALPUL","LIVE","LEAF",1,2,NA,2,1,"","","12"
"1182","QHI","HE","CTL",6,1999,"SALPUL","LIVE","LEAF",1,3,NA,1,1,"","","13"
"1197","QHI","HE","CTL",6,1999,"SALPUL","LIVE","LEAF",2,1,NA,1,4.5,"","","21"
"1239","QHI","HE","CTL",6,1999,"SALPUL","LIVE","LEAF",3,9,NA,1,5,"","","39"
"1259","QHI","HE","CTL",6,1999,"SALPUL","LIVE","LEAF",4,10,NA,1,2.5,"","","410"
"1286","QHI","HE","CTL",6,1999,"SALPUL","LIVE","LEAF",6,4,NA,2,8.5,"","","64"
"1292","QHI","HE","CTL",6,1999,"SALPUL","LIVE","LEAF",6,6,NA,1,2,"","","66"
"1294","QHI","HE","CTL",6,1999,"SALPUL","LIVE","LEAF",6,7,NA,1,2.5,"","","67"
"1296","QHI","HE","CTL",6,1999,"SALPUL","LIVE","LEAF",6,8,NA,1,5,"","","68"
"1303","QHI","HE","CTL",6,1999,"SALPUL","LIVE","LEAF",7,1,NA,3,5,"","","71"
"1308","QHI","HE","CTL",6,1999,"SALPUL","LIVE","LEAF",7,3,NA,1,0.5,"","","73"
"1318","QHI","HE","CTL",6,1999,"SALPUL","LIVE","LEAF",7,6,NA,2,5,"","","76"
"1321","QHI","HE","CTL",6,1999,"SALPUL","LIVE","LEAF",7,8,NA,2,5.5,"","","78"
"1351","QHI","HE","CTL",6,1999,"SALPUL","LIVE","LEAF",9,2,NA,2,6,"","","92"
"1354","QHI","HE","CTL",6,1999,"SALPUL","LIVE","LEAF",9,3,NA,1,0.5,"","","93"
"1368","QHI","HE","CTL",6,1999,"SALPUL","LIVE","LEAF",9,8,NA,1,6,"","","98"
"1382","QHI","HE","CTL",6,1999,"SALPUL","LIVE","STEM",10,5,NA,2,0,"","","105"
"1385","QHI","HE","CTL",6,1999,"SALPUL","LIVE","LEAF",10,6,NA,2,9,"","","106"
"1422","QHI","HE","CTL",1,2004,"SALPUL","LIVE","LEAF",2,2,NA,1,5.5,"","","22"
"1455","QHI","HE","CTL",1,2004,"SALPUL","LIVE","LEAF",3,6,NA,1,5,"","","36"
"1521","QHI","HE","CTL",1,2004,"SALPUL","LIVE","LEAF",6,2,NA,1,9,"","","62"
"1544","QHI","HE","CTL",1,2004,"SALPUL","LIVE","LEAF",7,2,NA,3,12.5,"","","72"
"1552","QHI","HE","CTL",1,2004,"SALPUL","LIVE","LEAF",7,4,NA,1,9,"","","74"
"1644","QHI","HE","CTL",2,2004,"SALPUL","LIVE","LEAF",1,4,NA,1,5,"","","14"
"1648","QHI","HE","CTL",2,2004,"SALPUL","LIVE","LEAF",1,6,NA,1,4.5,"","","16"
"1662","QHI","HE","CTL",2,2004,"SALPUL","LIVE","LEAF",2,2,NA,1,6.5,"","","22"
"1671","QHI","HE","CTL",2,2004,"SALPUL","LIVE","LEAF",2,6,NA,1,3.5,"","","26"
"1678","QHI","HE","CTL",2,2004,"SALPUL","LIVE","LEAF",2,8,NA,1,1,"","","28"
"1681","QHI","HE","CTL",2,2004,"SALPUL","LIVE","LEAF",2,9,NA,1,1,"","","29"
"1683","QHI","HE","CTL",2,2004,"SALPUL","LIVE","LEAF",2,10,NA,1,1.5,"","","210"
"1698","QHI","HE","CTL",2,2004,"SALPUL","LIVE","LEAF",3,8,NA,2,3,"","","38"
"1700","QHI","HE","CTL",2,2004,"SALPUL","LIVE","LEAF",3,9,NA,3,10,"","","39"
"1703","QHI","HE","CTL",2,2004,"SALPUL","LIVE","LEAF",3,10,NA,2,11,"","","310"
"1705","QHI","HE","CTL",2,2004,"SALPUL","LIVE","LEAF",4,1,NA,1,7,"","","41"
"1717","QHI","HE","CTL",2,2004,"SALPUL","LIVE","LEAF",4,8,NA,1,6.5,"","","48"
"1722","QHI","HE","CTL",2,2004,"SALPUL","LIVE","LEAF",4,10,NA,2,5,"","","410"
"1748","QHI","HE","CTL",2,2004,"SALPUL","LIVE","LEAF",5,10,NA,1,7.5,"","","510"
"1751","QHI","HE","CTL",2,2004,"SALPUL","LIVE","LEAF",6,1,NA,1,6,"","","61"
"1779","QHI","HE","CTL",2,2004,"SALPUL","LIVE","LEAF",7,2,NA,1,7,"","","72"
"1802","QHI","HE","CTL",2,2004,"SALPUL","LIVE","LEAF",8,2,NA,1,10,"","","82"
"1822","QHI","HE","CTL",2,2004,"SALPUL","LIVE","LEAF",8,10,NA,1,11.5,"","","810"
"1829","QHI","HE","CTL",2,2004,"SALPUL","LIVE","LEAF",9,3,NA,1,5,"","","93"
"1836","QHI","HE","CTL",2,2004,"SALPUL","LIVE","LEAF",9,6,NA,1,5,"","","96"
"1839","QHI","HE","CTL",2,2004,"SALPUL","LIVE","LEAF",9,7,NA,1,10.5,"","","97"
"1878","QHI","HE","CTL",3,2004,"SALPUL","LIVE","LEAF",1,2,NA,1,6.5,"","","12"
"1881","QHI","HE","CTL",3,2004,"SALPUL","LIVE","LEAF",1,3,NA,1,5.5,"","","13"
"1895","QHI","HE","CTL",3,2004,"SALPUL","LIVE","LEAF",1,9,NA,1,2,"","","19"
"1899","QHI","HE","CTL",3,2004,"SALPUL","LIVE","LEAF",2,1,NA,1,4,"","","21"
"1981","QHI","HE","CTL",3,2004,"SALPUL","LIVE","LEAF",6,1,NA,2,7.5,"","","61"
"2007","QHI","HE","CTL",3,2004,"SALPUL","LIVE","LEAF",7,5,NA,1,10.5,"","","75"
"2047","QHI","HE","CTL",3,2004,"SALPUL","LIVE","LEAF",9,3,NA,2,5.5,"","","93"
"2061","QHI","HE","CTL",3,2004,"SALPUL","LIVE","LEAF",9,10,NA,1,4,"","","910"
"2068","QHI","HE","CTL",3,2004,"SALPUL","LIVE","LEAF",10,2,NA,1,7.5,"","","102"
"2071","QHI","HE","CTL",3,2004,"SALPUL","LIVE","LEAF",10,3,NA,1,8,"","","103"
"2114","QHI","HE","CTL",4,2004,"SALPUL","LIVE","LEAF",2,2,NA,1,4.5,"","","22"
"2130","QHI","HE","CTL",4,2004,"SALPUL","LIVE","LEAF",2,9,NA,3,7,"","","29"
"2137","QHI","HE","CTL",4,2004,"SALPUL","LIVE","LEAF",3,2,NA,1,4,"","","32"
"2142","QHI","HE","CTL",4,2004,"SALPUL","LIVE","LEAF",3,4,NA,1,5,"","","34"
"2156","QHI","HE","CTL",4,2004,"SALPUL","LIVE","LEAF",3,10,NA,2,4.5,"","","310"
"2159","QHI","HE","CTL",4,2004,"SALPUL","LIVE","LEAF",4,1,NA,1,4.5,"","","41"
"2164","QHI","HE","CTL",4,2004,"SALPUL","LIVE","LEAF",4,3,NA,1,1.5,"","","43"
"2180","QHI","HE","CTL",4,2004,"SALPUL","LIVE","LEAF",5,1,NA,1,2.5,"","","51"
"2187","QHI","HE","CTL",4,2004,"SALPUL","LIVE","LEAF",5,4,NA,2,3.5,"","","54"
"2209","QHI","HE","CTL",4,2004,"SALPUL","LIVE","LEAF",6,4,NA,1,5,"","","64"
"2214","QHI","HE","CTL",4,2004,"SALPUL","LIVE","LEAF",6,6,NA,1,4,"","","66"
"2216","QHI","HE","CTL",4,2004,"SALPUL","LIVE","LEAF",6,7,NA,1,2.5,"","","67"
"2244","QHI","HE","CTL",4,2004,"SALPUL","LIVE","LEAF",7,8,NA,1,7,"","","78"
"2252","QHI","HE","CTL",4,2004,"SALPUL","LIVE","LEAF",7,10,NA,1,7,"","","710"
"2270","QHI","HE","CTL",4,2004,"SALPUL","LIVE","LEAF",8,8,NA,2,0,"","","88"
"2285","QHI","HE","CTL",4,2004,"SALPUL","LIVE","LEAF",9,3,NA,2,4.5,"","","93"
"2301","QHI","HE","CTL",4,2004,"SALPUL","LIVE","LEAF",9,8,NA,2,4,"","","98"
"2330","QHI","HE","CTL",5,2004,"SALPUL","LIVE","LEAF",1,1,NA,2,3.5,"","","11"
"2350","QHI","HE","CTL",5,2004,"SALPUL","LIVE","LEAF",2,1,NA,1,5,"","","21"
"2368","QHI","HE","CTL",5,2004,"SALPUL","LIVE","LEAF",2,10,NA,3,5.5,"","","210"
"2370","QHI","HE","CTL",5,2004,"SALPUL","LIVE","LEAF",3,1,NA,1,5.5,"","","31"
"2381","QHI","HE","CTL",5,2004,"SALPUL","LIVE","LEAF",3,6,NA,1,0,"","","36"
"2388","QHI","HE","CTL",5,2004,"SALPUL","LIVE","LEAF",3,10,NA,3,5,"","","310"
"2403","QHI","HE","CTL",5,2004,"SALPUL","LIVE","LEAF",4,7,NA,2,4,"","","47"
"2412","QHI","HE","CTL",5,2004,"SALPUL","LIVE","LEAF",5,1,NA,3,5.5,"","","51"
"2416","QHI","HE","CTL",5,2004,"SALPUL","LIVE","LEAF",5,3,NA,1,6.5,"","","53"
"2419","QHI","HE","CTL",5,2004,"SALPUL","LIVE","LEAF",5,4,NA,1,9.5,"","","54"
"2441","QHI","HE","CTL",5,2004,"SALPUL","LIVE","LEAF",6,3,NA,1,7.5,"","","63"
"2444","QHI","HE","CTL",5,2004,"SALPUL","LIVE","LEAF",6,4,NA,1,3.5,"","","64"
"2447","QHI","HE","CTL",5,2004,"SALPUL","LIVE","LEAF",6,5,NA,2,2.5,"","","65"
"2451","QHI","HE","CTL",5,2004,"SALPUL","LIVE","LEAF",6,7,NA,1,8,"","","67"
"2508","QHI","HE","CTL",5,2004,"SALPUL","LIVE","LEAF",9,3,NA,1,4,"","","93"
"2514","QHI","HE","CTL",5,2004,"SALPUL","LIVE","LEAF",9,7,NA,3,6,"","","97"
"2554","QHI","HE","CTL",6,2004,"SALPUL","LIVE","LEAF",1,3,NA,1,4,"","","13"
"2558","QHI","HE","CTL",6,2004,"SALPUL","LIVE","LEAF",1,4,NA,1,4,"","","14"
"2585","QHI","HE","CTL",6,2004,"SALPUL","LIVE","LEAF",2,6,NA,2,9.5,"","","26"
"2591","QHI","HE","CTL",6,2004,"SALPUL","LIVE","LEAF",2,8,NA,1,3.5,"","","28"
"2596","QHI","HE","CTL",6,2004,"SALPUL","LIVE","LEAF",2,10,NA,3,6.5,"","","210"
"2600","QHI","HE","CTL",6,2004,"SALPUL","LIVE","LEAF",3,2,NA,1,10,"","","32"
"2607","QHI","HE","CTL",6,2004,"SALPUL","LIVE","LEAF",3,5,NA,1,4,"","","35"
"2609","QHI","HE","CTL",6,2004,"SALPUL","LIVE","LEAF",3,6,NA,1,10,"","","36"
"2611","QHI","HE","CTL",6,2004,"SALPUL","LIVE","LEAF",3,7,NA,1,5.5,"","","37"
"2614","QHI","HE","CTL",6,2004,"SALPUL","LIVE","LEAF",3,9,NA,2,6,"","","39"
"2657","QHI","HE","CTL",6,2004,"SALPUL","LIVE","LEAF",6,1,NA,2,11,"","","61"
"2667","QHI","HE","CTL",6,2004,"SALPUL","LIVE","LEAF",6,6,NA,1,2,"","","66"
"2676","QHI","HE","CTL",6,2004,"SALPUL","LIVE","LEAF",6,10,NA,2,8,"","","610"
"2691","QHI","HE","CTL",6,2004,"SALPUL","LIVE","LEAF",7,8,NA,2,3,"","","78"
"2698","QHI","HE","CTL",6,2004,"SALPUL","LIVE","LEAF",7,10,NA,1,5,"","","710"
"2704","QHI","HE","CTL",6,2004,"SALPUL","LIVE","LEAF",8,2,NA,1,2,"","","82"
"2706","QHI","HE","CTL",6,2004,"SALPUL","LIVE","LEAF",8,3,NA,1,9.5,"","","83"
"2721","QHI","HE","CTL",6,2004,"SALPUL","LIVE","LEAF",8,9,NA,1,5,"","","89"
"2732","QHI","HE","CTL",6,2004,"SALPUL","LIVE","LEAF",9,4,NA,1,8.5,"","","94"
"2736","QHI","HE","CTL",6,2004,"SALPUL","LIVE","LEAF",9,5,NA,1,3.5,"","","95"
"2749","QHI","HE","CTL",6,2004,"SALPUL","LIVE","LEAF",10,2,NA,1,4,"","","102"
"2751","QHI","HE","CTL",6,2004,"SALPUL","LIVE","LEAF",10,3,NA,3,9,"","","103"
"3016","QHI","HE","CTL",1,2009,"SALPUL","LIVE","LEAF",8,7,NA,1,6.9,"","","87"
"3032","QHI","HE","CTL",1,2009,"SALPUL","LIVE","LEAF",9,2,NA,1,8.4,"","","92"
"3050","QHI","HE","CTL",1,2009,"SALPUL","LIVE","LEAF",9,7,NA,3,13.3,"","","97"
"3076","QHI","HE","CTL",1,2009,"SALPUL","LIVE","LEAF",10,4,NA,1,3.4,"","","104"
"3422","QHI","HE","CTL",2,2009,"SALPUL","LIVE","LEAF",10,1,NA,2,6.1,"","","101"
"4638","QHI","HE","CTL",6,2009,"SALPUL","LIVE","LEAF",1,10,NA,1,10.5,"","","110"
"4771","QHI","HE","CTL",6,2009,"SALPUL","LIVE","LEAF",5,5,NA,2,12.6,"","","55"
"4975","QHI","HE","CTL",6,2009,"SALPUL","LIVE","LEAF",10,10,NA,1,2.3,"","","1010"
"9246","QHI","HE","CTL",1,2014,"SALPUL","LIVE","LEAF",8,1,NA,1,16.2,"","","81"
"9254","QHI","HE","CTL",1,2014,"SALPUL","LIVE","LEAF",10,1,NA,1,16.2,"","","101"
"9287","QHI","HE","CTL",1,2014,"SALPUL","LIVE","LEAF",9,2,NA,2,11.1,"","","92"
"9290","QHI","HE","CTL",1,2014,"SALPUL","LIVE","LEAF",10,2,NA,1,6.3,"","","102"
"9299","QHI","HE","CTL",1,2014,"SALPUL","LIVE","LEAF",3,3,NA,3,16.4,"","","33"
"9306","QHI","HE","CTL",1,2014,"SALPUL","LIVE","LEAF",4,3,NA,2,9.1,"","","43"
"9340","QHI","HE","CTL",1,2014,"SALPUL","LIVE","LEAF",3,4,NA,2,8.3,"","","34"
"9362","QHI","HE","CTL",1,2014,"SALPUL","LIVE","LEAF",10,4,NA,1,13.9,"","","104"
"9368","QHI","HE","CTL",1,2014,"SALPUL","LIVE","LEAF",1,5,NA,1,9.2,"","","15"
"9381","QHI","HE","CTL",1,2014,"SALPUL","STANDINGDEAD","LEAF",5,5,NA,1,12.8,"","","55"
"9385","QHI","HE","CTL",1,2014,"SALPUL","LIVE","LEAF",6,5,NA,2,11.8,"","","65"
"9401","QHI","HE","CTL",1,2014,"SALPUL","LIVE","LEAF",10,5,NA,3,14.8,"","","105"
"9421","QHI","HE","CTL",1,2014,"SALPUL","LIVE","LEAF",5,6,NA,2,15.9,"","","56"
"9434","QHI","HE","CTL",1,2014,"SALPUL","LIVE","LEAF",8,6,NA,5,20,"","","86"
"9469","QHI","HE","CTL",1,2014,"SALPUL","LIVE","LEAF",8,7,NA,1,16.2,"","","87"
"9474","QHI","HE","CTL",1,2014,"SALPUL","LIVE","LEAF",9,7,NA,1,18.2,"","","97"
"9512","QHI","HE","CTL",1,2014,"SALPUL","LIVE","LEAF",8,8,NA,1,20,"","","88"
"9517","QHI","HE","CTL",1,2014,"SALPUL","LIVE","LEAF",9,8,NA,2,17.1,"","","98"
"9522","QHI","HE","CTL",1,2014,"SALPUL","LIVE","LEAF",10,8,NA,2,21.3,"","","108"
"9556","QHI","HE","CTL",1,2014,"SALPUL","LIVE","LEAF",8,9,NA,2,17.2,"","","89"
"9594","QHI","HE","CTL",1,2014,"SALPUL","LIVE","LEAF",10,10,NA,2,9.2,"","","1010"
"9603","QHI","HE","CTL",2,2014,"SALPUL","LIVE","LEAF",3,1,NA,2,3.8,"","","31"
"9613","QHI","HE","CTL",2,2014,"SALPUL","LIVE","LEAF",5,1,NA,2,5,"","","51"
"9618","QHI","HE","CTL",2,2014,"SALPUL","LIVE","LEAF",6,1,NA,2,8.5,"","","61"
"9622","QHI","HE","CTL",2,2014,"SALPUL","LIVE","STEM",7,1,NA,1,4.2,"","","71"
"9628","QHI","HE","CTL",2,2014,"SALPUL","LIVE","STEM",8,1,NA,1,7.1,"","","81"
"9633","QHI","HE","CTL",2,2014,"SALPUL","LIVE","LEAF",9,1,NA,4,11.4,"","","91"
"9666","QHI","HE","CTL",2,2014,"SALPUL","LIVE","STEM",5,2,NA,2,5.6,"","","52"
"9671","QHI","HE","CTL",2,2014,"SALPUL","LIVE","LEAF",6,2,NA,1,8.3,"","","62"
"9693","QHI","HE","CTL",2,2014,"SALPUL","STANDINGDEAD","STEM",10,2,NA,1,7.9,"","","102"
"9699","QHI","HE","CTL",2,2014,"SALPUL","LIVE","LEAF",1,3,NA,4,11.3,"","","13"
"9705","QHI","HE","CTL",2,2014,"SALPUL","LIVE","LEAF",2,3,NA,2,10,"","","23"
"9711","QHI","HE","CTL",2,2014,"SALPUL","LIVE","LEAF",3,3,NA,2,6.9,"","","33"
"9715","QHI","HE","CTL",2,2014,"SALPUL","LIVE","LEAF",4,3,NA,1,5.9,"","","43"
"9742","QHI","HE","CTL",2,2014,"SALPUL","LIVE","LEAF",2,4,NA,1,14.5,"","","24"
"9745","QHI","HE","CTL",2,2014,"SALPUL","LIVE","STEM",3,4,NA,1,1.8,"","","34"
"9749","QHI","HE","CTL",2,2014,"SALPUL","LIVE","LEAF",4,4,NA,3,9,"","","44"
"9778","QHI","HE","CTL",2,2014,"SALPUL","LIVE","LEAF",2,5,NA,1,17.1,"","","25"
"9786","QHI","HE","CTL",2,2014,"SALPUL","LIVE","LEAF",3,5,NA,1,10.4,"","","35"
"9788","QHI","HE","CTL",2,2014,"SALPUL","LIVE","LEAF",4,5,NA,1,13.5,"","","45"
"9792","QHI","HE","CTL",2,2014,"SALPUL","LIVE","LEAF",5,5,NA,1,8.6,"","","55"
"9823","QHI","HE","CTL",2,2014,"SALPUL","LIVE","LEAF",3,6,NA,1,10.5,"","","36"
"9854","QHI","HE","CTL",2,2014,"SALPUL","LIVE","LEAF",3,7,NA,2,14.8,"","","37"
"9877","QHI","HE","CTL",2,2014,"SALPUL","LIVE","LEAF",10,7,NA,2,11.5,"","","107"
"9885","QHI","HE","CTL",2,2014,"SALPUL","LIVE","LEAF",2,8,NA,3,13.4,"","","28"
"9892","QHI","HE","CTL",2,2014,"SALPUL","LIVE","LEAF",3,8,NA,1,11.8,"","","38"
"9912","QHI","HE","CTL",2,2014,"SALPUL","STANDINGDEAD","LEAF",9,8,NA,2,12.4,"","","98"
"9917","QHI","HE","CTL",2,2014,"SALPUL","LIVE","LEAF",10,8,NA,2,13.1,"","","108"
"9925","QHI","HE","CTL",2,2014,"SALPUL","LIVE","STEM",1,9,NA,1,7.6,"","","19"
"9928","QHI","HE","CTL",2,2014,"SALPUL","LIVE","LEAF",2,9,NA,1,8.2,"","","29"
"9932","QHI","HE","CTL",2,2014,"SALPUL","LIVE","LEAF",3,9,NA,1,11.7,"","","39"
"9941","QHI","HE","CTL",2,2014,"SALPUL","LIVE","LEAF",5,9,NA,1,7,"","","59"
"9954","QHI","HE","CTL",2,2014,"SALPUL","LIVE","LEAF",8,9,NA,2,7.6,"","","89"
"9956","QHI","HE","CTL",2,2014,"SALPUL","LIVE","LEAF",9,9,NA,1,18,"","","99"
"9962","QHI","HE","CTL",2,2014,"SALPUL","LIVE","LEAF",10,9,NA,1,5.8,"","","109"
"9964","QHI","HE","CTL",2,2014,"SALPUL","LIVE","LEAF",1,10,NA,4,15.1,"","","110"
"9967","QHI","HE","CTL",2,2014,"SALPUL","LIVE","LEAF",2,10,NA,2,11.6,"","","210"
"9985","QHI","HE","CTL",2,2014,"SALPUL","STANDINGDEAD","STEM",6,10,NA,1,11.4,"","","610"
"9991","QHI","HE","CTL",2,2014,"SALPUL","LIVE","LEAF",7,10,NA,1,16,"","","710"
"9998","QHI","HE","CTL",2,2014,"SALPUL","LIVE","LEAF",8,10,NA,2,15,"","","810"
"10003","QHI","HE","CTL",2,2014,"SALPUL","LIVE","LEAF",9,10,NA,1,7.4,"","","910"
"10011","QHI","HE","CTL",3,2014,"SALPUL","LIVE","LEAF",1,1,NA,4,8.3,"","","11"
"10018","QHI","HE","CTL",3,2014,"SALPUL","LIVE","LEAF",2,1,NA,1,10.6,"","","21"
"10021","QHI","HE","CTL",3,2014,"SALPUL","LIVE","LEAF",3,1,NA,1,13.1,"","","31"
"10045","QHI","HE","CTL",3,2014,"SALPUL","LIVE","LEAF",9,1,NA,1,10.4,"","","91"
"10119","QHI","HE","CTL",3,2014,"SALPUL","LIVE","LEAF",9,3,NA,3,18.6,"","","93"
"10160","QHI","HE","CTL",3,2014,"SALPUL","LIVE","LEAF",8,4,NA,3,10.9,"","","84"
"10203","QHI","HE","CTL",3,2014,"SALPUL","LIVE","LEAF",7,5,NA,1,11.5,"","","75"
"10214","QHI","HE","CTL",3,2014,"SALPUL","LIVE","LEAF",10,5,NA,1,6,"","","105"
"10238","QHI","HE","CTL",3,2014,"SALPUL","LIVE","LEAF",6,6,NA,1,16.7,"","","66"
"10255","QHI","HE","CTL",3,2014,"SALPUL","LIVE","LEAF",10,6,NA,2,7.6,"","","106"
"10261","QHI","HE","CTL",3,2014,"SALPUL","LIVE","LEAF",1,7,NA,1,5.6,"","","17"
"10283","QHI","HE","CTL",3,2014,"SALPUL","LIVE","LEAF",7,7,NA,3,13.2,"","","77"
"10287","QHI","HE","CTL",3,2014,"SALPUL","LIVE","LEAF",8,7,NA,2,8.1,"","","87"
"10300","QHI","HE","CTL",3,2014,"SALPUL","LIVE","LEAF",10,7,NA,3,8.3,"","","107"
"10327","QHI","HE","CTL",3,2014,"SALPUL","LIVE","LEAF",7,8,NA,1,4.8,"","","78"
"10371","QHI","HE","CTL",3,2014,"SALPUL","LIVE","STEM",7,9,NA,1,5.4,"","","79"
"10408","QHI","HE","CTL",3,2014,"SALPUL","LIVE","LEAF",7,10,NA,2,12.9,"","","710"
"10412","QHI","HE","CTL",3,2014,"SALPUL","LIVE","LEAF",8,10,NA,1,7.1,"","","810"
"10419","QHI","HE","CTL",3,2014,"SALPUL","LIVE","LEAF",9,10,NA,2,9.8,"","","910"
"10431","QHI","HE","CTL",4,2014,"SALPUL","LIVE","LEAF",1,1,NA,1,18.7,"","","11"
"10439","QHI","HE","CTL",4,2014,"SALPUL","LIVE","LEAF",2,1,NA,1,7.4,"","","21"
"10446","QHI","HE","CTL",4,2014,"SALPUL","LIVE","LEAF",4,1,NA,2,14.3,"","","41"
"10458","QHI","HE","CTL",4,2014,"SALPUL","LIVE","LEAF",6,1,NA,3,9.3,"","","61"
"10488","QHI","HE","CTL",4,2014,"SALPUL","LIVE","LEAF",3,2,NA,4,13.1,"","","32"
"10494","QHI","HE","CTL",4,2014,"SALPUL","LIVE","LEAF",4,2,NA,1,6.5,"","","42"
"10503","QHI","HE","CTL",4,2014,"SALPUL","LIVE","LEAF",6,2,NA,3,9.2,"","","62"
"10524","QHI","HE","CTL",4,2014,"SALPUL","LIVE","LEAF",1,3,NA,2,14.3,"","","13"
"10532","QHI","HE","CTL",4,2014,"SALPUL","LIVE","LEAF",3,3,NA,1,16.8,"","","33"
"10546","QHI","HE","CTL",4,2014,"SALPUL","LIVE","LEAF",7,3,NA,2,19.3,"","","73"
"10555","QHI","HE","CTL",4,2014,"SALPUL","LIVE","STEM",9,3,NA,1,9.2,"","","93"
"10560","QHI","HE","CTL",4,2014,"SALPUL","LIVE","LEAF",10,3,NA,1,6.4,"","","103"
"10562","QHI","HE","CTL",4,2014,"SALPUL","LIVE","LEAF",1,4,NA,1,9.7,"","","14"
"10568","QHI","HE","CTL",4,2014,"SALPUL","LIVE","LEAF",2,4,NA,3,13.6,"","","24"
"10588","QHI","HE","CTL",4,2014,"SALPUL","LIVE","LEAF",8,4,NA,2,11.8,"","","84"
"10601","QHI","HE","CTL",4,2014,"SALPUL","LIVE","LEAF",10,4,NA,1,7.5,"","","104"
"10607","QHI","HE","CTL",4,2014,"SALPUL","LIVE","LEAF",1,5,NA,2,9.2,"","","15"
"10628","QHI","HE","CTL",4,2014,"SALPUL","LIVE","LEAF",7,5,NA,2,11.9,"","","75"
"10630","QHI","HE","CTL",4,2014,"SALPUL","LIVE","LEAF",8,5,NA,1,13.2,"","","85"
"10643","QHI","HE","CTL",4,2014,"SALPUL","LIVE","LEAF",1,6,NA,1,9.7,"","","16"
"10649","QHI","HE","CTL",4,2014,"SALPUL","LIVE","STEM",2,6,NA,1,6,"","","26"
"10665","QHI","HE","CTL",4,2014,"SALPUL","LIVE","LEAF",6,6,NA,1,11.3,"","","66"
"10676","QHI","HE","CTL",4,2014,"SALPUL","LIVE","LEAF",8,6,NA,1,3.3,"","","86"
"10688","QHI","HE","CTL",4,2014,"SALPUL","LIVE","STEM",1,7,NA,1,9.7,"","","17"
"10697","QHI","HE","CTL",4,2014,"SALPUL","LIVE","STEM",2,7,NA,1,11.4,"","","27"
"10703","QHI","HE","CTL",4,2014,"SALPUL","LIVE","LEAF",3,7,NA,4,10.6,"","","37"
"10710","QHI","HE","CTL",4,2014,"SALPUL","LIVE","LEAF",6,7,NA,1,6.6,"","","67"
"10717","QHI","HE","CTL",4,2014,"SALPUL","LIVE","STEM",8,7,NA,2,7.7,"","","87"
"10720","QHI","HE","CTL",4,2014,"SALPUL","LIVE","LEAF",9,7,NA,1,5.9,"","","97"
"10731","QHI","HE","CTL",4,2014,"SALPUL","LIVE","LEAF",2,8,NA,3,7.4,"","","28"
"10734","QHI","HE","CTL",4,2014,"SALPUL","LIVE","LEAF",3,8,NA,1,8.1,"","","38"
"10770","QHI","HE","CTL",4,2014,"SALPUL","LIVE","LEAF",1,9,NA,2,4.7,"","","19"
"10775","QHI","HE","CTL",4,2014,"SALPUL","LIVE","LEAF",2,9,NA,1,9.1,"","","29"
"10779","QHI","HE","CTL",4,2014,"SALPUL","LIVE","LEAF",3,9,NA,1,8.9,"","","39"
"10784","QHI","HE","CTL",4,2014,"SALPUL","LIVE","LEAF",4,9,NA,1,11.6,"","","49"
"10820","QHI","HE","CTL",4,2014,"SALPUL","LIVE","LEAF",2,10,NA,1,8.6,"","","210"
"10823","QHI","HE","CTL",4,2014,"SALPUL","LIVE","LEAF",3,10,NA,2,18.4,"","","310"
"10829","QHI","HE","CTL",4,2014,"SALPUL","LIVE","LEAF",4,10,NA,1,13.7,"","","410"
"10881","QHI","HE","CTL",4,2014,"SALPUL","LIVE","LEAF",7,1,NA,1,10.4,"","","71"
"10894","QHI","HE","CTL",4,2014,"SALPUL","LIVE","STEM",10,1,NA,1,4.5,"","","101"
"10900","QHI","HE","CTL",4,2014,"SALPUL","LIVE","LEAF",1,2,NA,3,11.9,"","","12"
"10903","QHI","HE","CTL",4,2014,"SALPUL","LIVE","LEAF",2,2,NA,2,10.4,"","","22"
"10911","QHI","HE","CTL",4,2014,"SALPUL","LIVE","LEAF",3,2,NA,1,9.2,"","","32"
"10916","QHI","HE","CTL",4,2014,"SALPUL","LIVE","LEAF",4,2,NA,1,8.4,"","","42"
"10942","QHI","HE","CTL",5,2014,"SALPUL","LIVE","LEAF",1,3,NA,3,12.7,"","","13"
"10956","QHI","HE","CTL",5,2014,"SALPUL","LIVE","LEAF",3,3,NA,1,10.7,"","","33"
"10987","QHI","HE","CTL",5,2014,"SALPUL","LIVE","LEAF",1,4,NA,4,16.8,"","","14"
"10993","QHI","HE","CTL",5,2014,"SALPUL","LIVE","LEAF",2,4,NA,1,17.2,"","","24"
"10998","QHI","HE","CTL",5,2014,"SALPUL","LIVE","LEAF",3,4,NA,1,28.2,"","","34"
"11018","QHI","HE","CTL",5,2014,"SALPUL","LIVE","LEAF",8,4,NA,1,6.5,"","","84"
"11042","QHI","HE","CTL",5,2014,"SALPUL","LIVE","LEAF",4,5,NA,2,11.2,"","","45"
"11049","QHI","HE","CTL",5,2014,"SALPUL","LIVE","LEAF",5,5,NA,2,9.9,"","","55"
"11057","QHI","HE","CTL",5,2014,"SALPUL","LIVE","LEAF",7,5,NA,2,7.2,"","","75"
"11060","QHI","HE","CTL",5,2014,"SALPUL","LIVE","LEAF",8,5,NA,5,4,"","","85"
"11065","QHI","HE","CTL",5,2014,"SALPUL","LIVE","LEAF",9,5,NA,2,7.7,"","","95"
"11084","QHI","HE","CTL",5,2014,"SALPUL","LIVE","LEAF",5,6,NA,1,9.4,"","","56"
"11087","QHI","HE","CTL",5,2014,"SALPUL","LIVE","LEAF",6,6,NA,1,7.6,"","","66"
"11105","QHI","HE","CTL",5,2014,"SALPUL","LIVE","LEAF",10,6,NA,1,11.6,"","","106"
"11121","QHI","HE","CTL",5,2014,"SALPUL","LIVE","LEAF",5,7,NA,1,7.2,"","","57"
"11125","QHI","HE","CTL",5,2014,"SALPUL","LIVE","LEAF",6,7,NA,1,5.1,"","","67"
"11133","QHI","HE","CTL",5,2014,"SALPUL","LIVE","LEAF",9,7,NA,1,5.8,"","","97"
"11136","QHI","HE","CTL",5,2014,"SALPUL","LIVE","LEAF",10,7,NA,1,7.2,"","","107"
"11171","QHI","HE","CTL",5,2014,"SALPUL","LIVE","STEM",9,8,NA,1,4,"","","98"
"11188","QHI","HE","CTL",5,2014,"SALPUL","LIVE","LEAF",3,9,NA,3,10.4,"","","39"
"11224","QHI","HE","CTL",5,2014,"SALPUL","LIVE","LEAF",2,10,NA,3,13.4,"","","210"
"11232","QHI","HE","CTL",5,2014,"SALPUL","LIVE","LEAF",3,10,NA,1,10.1,"","","310"
"11279","QHI","HE","CTL",6,2014,"SALPUL","LIVE","LEAF",3,1,NA,1,18.5,"","","31"
"11296","QHI","HE","CTL",6,2014,"SALPUL","LIVE","LEAF",6,1,NA,1,8.2,"","","61"
"11300","QHI","HE","CTL",6,2014,"SALPUL","LIVE","LEAF",7,1,NA,1,5.5,"","","71"
"11304","QHI","HE","CTL",6,2014,"SALPUL","LIVE","STEM",8,1,NA,1,9.1,"","","81"
"11308","QHI","HE","CTL",6,2014,"SALPUL","LIVE","LEAF",9,1,NA,3,6.9,"","","91"
"11313","QHI","HE","CTL",6,2014,"SALPUL","LIVE","LEAF",10,1,NA,1,10,"","","101"
"11327","QHI","HE","CTL",6,2014,"SALPUL","LIVE","LEAF",4,2,NA,3,14.6,"","","42"
"11336","QHI","HE","CTL",6,2014,"SALPUL","LIVE","STEM",6,2,NA,1,9.4,"","","62"
"11345","QHI","HE","CTL",6,2014,"SALPUL","LIVE","LEAF",8,2,NA,2,10.1,"","","82"
"11349","QHI","HE","CTL",6,2014,"SALPUL","LIVE","LEAF",9,2,NA,1,13.7,"","","92"
"11356","QHI","HE","CTL",6,2014,"SALPUL","LIVE","LEAF",10,2,NA,2,9.4,"","","102"
"11359","QHI","HE","CTL",6,2014,"SALPUL","LIVE","LEAF",1,3,NA,1,8.3,"","","13"
"11362","QHI","HE","CTL",6,2014,"SALPUL","LIVE","LEAF",2,3,NA,2,14.1,"","","23"
"11367","QHI","HE","CTL",6,2014,"SALPUL","LIVE","LEAF",3,3,NA,1,5.7,"","","33"
"11391","QHI","HE","CTL",6,2014,"SALPUL","LIVE","STEM",9,3,NA,1,8.4,"","","93"
"11401","QHI","HE","CTL",6,2014,"SALPUL","LIVE","LEAF",2,4,NA,1,7.5,"","","24"
"11414","QHI","HE","CTL",6,2014,"SALPUL","LIVE","LEAF",5,4,NA,2,9.1,"","","54"
"11433","QHI","HE","CTL",6,2014,"SALPUL","LIVE","LEAF",10,4,NA,1,5.3,"","","104"
"11450","QHI","HE","CTL",6,2014,"SALPUL","LIVE","STEM",5,5,NA,1,5.2,"","","55"
"11457","QHI","HE","CTL",6,2014,"SALPUL","LIVE","LEAF",6,5,NA,1,14,"","","65"
"11482","QHI","HE","CTL",6,2014,"SALPUL","LIVE","LEAF",1,6,NA,1,6.4,"","","16"
"11487","QHI","HE","CTL",6,2014,"SALPUL","LIVE","LEAF",2,6,NA,2,9.6,"","","26"
"11495","QHI","HE","CTL",6,2014,"SALPUL","LIVE","LEAF",4,6,NA,1,8.4,"","","46"
"11498","QHI","HE","CTL",6,2014,"SALPUL","LIVE","LEAF",5,6,NA,2,10.8,"","","56"
"11505","QHI","HE","CTL",6,2014,"SALPUL","LIVE","LEAF",6,6,NA,1,7.4,"","","66"
"11510","QHI","HE","CTL",6,2014,"SALPUL","LIVE","LEAF",7,6,NA,1,4.9,"","","76"
"11514","QHI","HE","CTL",6,2014,"SALPUL","LIVE","LEAF",8,6,NA,1,6.1,"","","86"
"11537","QHI","HE","CTL",6,2014,"SALPUL","LIVE","LEAF",4,7,NA,1,14.9,"","","47"
"11542","QHI","HE","CTL",6,2014,"SALPUL","LIVE","LEAF",5,7,NA,2,12.6,"","","57"
"11546","QHI","HE","CTL",6,2014,"SALPUL","LIVE","LEAF",6,7,NA,1,14.1,"","","67"
"11552","QHI","HE","CTL",6,2014,"SALPUL","LIVE","LEAF",7,7,NA,4,9.8,"","","77"
"11558","QHI","HE","CTL",6,2014,"SALPUL","LIVE","LEAF",9,7,NA,3,11.7,"","","97"
"11563","QHI","HE","CTL",6,2014,"SALPUL","LIVE","LEAF",10,7,NA,3,11.8,"","","107"
"11576","QHI","HE","CTL",6,2014,"SALPUL","LIVE","LEAF",3,8,NA,2,12.8,"","","38"
"11580","QHI","HE","CTL",6,2014,"SALPUL","LIVE","LEAF",4,8,NA,2,11.9,"","","48"
"11587","QHI","HE","CTL",6,2014,"SALPUL","LIVE","LEAF",6,8,NA,2,9.9,"","","68"
"11597","QHI","HE","CTL",6,2014,"SALPUL","LIVE","LEAF",9,8,NA,1,16.2,"","","98"
"11612","QHI","HE","CTL",6,2014,"SALPUL","STANDINGDEAD","LEAF",1,9,NA,1,2.5,"","","19"
"11620","QHI","HE","CTL",6,2014,"SALPUL","LIVE","LEAF",3,9,NA,1,13.3,"","","39"
"11630","QHI","HE","CTL",6,2014,"SALPUL","LIVE","LEAF",5,9,NA,1,8.9,"","","59"
"11644","QHI","HE","CTL",6,2014,"SALPUL","LIVE","LEAF",8,9,NA,2,8.7,"","","89"
"11648","QHI","HE","CTL",6,2014,"SALPUL","LIVE","STEM",9,9,NA,1,12.2,"","","99"
"11659","QHI","HE","CTL",6,2014,"SALPUL","LIVE","LEAF",1,10,NA,2,8.7,"","","110"
"11668","QHI","HE","CTL",6,2014,"SALPUL","LIVE","LEAF",2,10,NA,1,9.4,"","","210"
"11683","QHI","HE","CTL",6,2014,"SALPUL","LIVE","LEAF",6,10,NA,2,6.8,"","","610"
"11688","QHI","HE","CTL",6,2014,"SALPUL","LIVE","LEAF",7,10,NA,1,12.1,"","","710"
"11696","QHI","HE","CTL",6,2014,"SALPUL","LIVE","LEAF",9,10,NA,2,17,"","","910"
"15695","QHI","HE","CTL",1,2015,"Salix pulchra","LIVE","LEAF",8,1,NA,1,17.6,"","","81"
"15699","QHI","HE","CTL",1,2015,"Salix pulchra","LIVE","LEAF",9,1,NA,1,15,"","","91"
"15703","QHI","HE","CTL",1,2015,"Salix pulchra","LIVE","LEAF",10,1,NA,1,8.9,"","","101"
"15715","QHI","HE","CTL",1,2015,"Salix pulchra","LIVE","LEAF",4,2,NA,1,7.4,"","","42"
"15740","QHI","HE","CTL",1,2015,"Salix pulchra","LIVE","LEAF",3,3,NA,1,10.2,"","","33"
"15751","QHI","HE","CTL",1,2015,"Salix pulchra","LIVE","STEM",5,3,NA,1,7.2,"","","53"
"15770","QHI","HE","CTL",1,2015,"Salix pulchra","LIVE","LEAF",10,3,NA,2,10,"","","103"
"15788","QHI","HE","CTL",1,2015,"Salix pulchra","LIVE","LEAF",4,4,NA,1,7.1,"","","44"
"15809","QHI","HE","CTL",1,2015,"Salix pulchra","LIVE","LEAF",10,4,NA,1,12,"","","104"
"15836","QHI","HE","CTL",1,2015,"Salix pulchra","LIVE","LEAF",6,5,NA,3,15.4,"","","65"
"15855","QHI","HE","CTL",1,2015,"Salix pulchra","LIVE","STEM",10,5,NA,1,6.4,"","","105"
"15872","QHI","HE","CTL",1,2015,"Salix pulchra","LIVE","LEAF",5,6,NA,1,14.3,"","","56"
"15879","QHI","HE","CTL",1,2015,"Salix pulchra","LIVE","STEM",6,6,NA,1,11.1,"","","66"
"15882","QHI","HE","CTL",1,2015,"Salix pulchra","STANDINGDEAD","FLOWER",7,6,NA,1,11.8,"","Female","76"
"15887","QHI","HE","CTL",1,2015,"Salix pulchra","LIVE","LEAF",8,6,NA,3,15.3,"","","86"
"15910","QHI","HE","CTL",1,2015,"Salix pulchra","LIVE","LEAF",5,7,NA,4,18.6,"","","57"
"15919","QHI","HE","CTL",1,2015,"Salix pulchra","LIVE","LEAF",7,7,NA,1,15.3,"","","77"
"15925","QHI","HE","CTL",1,2015,"Salix pulchra","STANDINGDEAD","LEAF",8,7,NA,2,19.9,"","","87"
"15930","QHI","HE","CTL",1,2015,"Salix pulchra","LIVE","LEAF",9,7,NA,5,22,"","","97"
"15936","QHI","HE","CTL",1,2015,"Salix pulchra","LIVE","LEAF",10,7,NA,4,19.2,"","","107"
"15962","QHI","HE","CTL",1,2015,"Salix pulchra","LIVE","LEAF",8,8,NA,2,26.5,"","","88"
"15967","QHI","HE","CTL",1,2015,"Salix pulchra","LIVE","LEAF",9,8,NA,3,26.6,"","","98"
"15977","QHI","HE","CTL",1,2015,"Salix pulchra","LIVE","LEAF",10,8,NA,1,10.4,"","","108"
"16010","QHI","HE","CTL",1,2015,"Salix pulchra","LIVE","LEAF",8,9,NA,2,17,"","","89"
"16014","QHI","HE","CTL",1,2015,"Salix pulchra","LIVE","LEAF",9,9,NA,3,19.9,"","","99"
"16061","QHI","HE","CTL",2,2015,"Salix pulchra","LIVE","LEAF",1,1,NA,1,5.4,"","","11"
"16107","QHI","HE","CTL",2,2015,"Salix pulchra","LIVE","LEAF",10,1,NA,1,6.1,"","","101"
"16148","QHI","HE","CTL",2,2015,"Salix pulchra","LIVE","LEAF",1,3,NA,2,13.9,"","","13"
"16159","QHI","HE","CTL",2,2015,"Salix pulchra","LIVE","LEAF",3,3,NA,1,5,"","","33"
"16166","QHI","HE","CTL",2,2015,"Salix pulchra","LIVE","STEM",4,3,NA,1,3.4,"","","43"
"16192","QHI","HE","CTL",2,2015,"Salix pulchra","LIVE","LEAF",2,4,NA,3,14.5,"","","24"
"16199","QHI","HE","CTL",2,2015,"Salix pulchra","LIVE","LEAF",3,4,NA,2,8.4,"","","34"
"16201","QHI","HE","CTL",2,2015,"Salix pulchra","LIVE","LEAF",4,4,NA,2,8.4,"","","44"
"16220","QHI","HE","CTL",2,2015,"Salix pulchra","LIVE","LEAF",8,4,NA,1,9.3,"","","84"
"16234","QHI","HE","CTL",2,2015,"Salix pulchra","LIVE","LEAF",2,5,NA,1,20.7,"","Orange rust","25"
"16238","QHI","HE","CTL",2,2015,"Salix pulchra","LIVE","LEAF",3,5,NA,1,8.5,"","","35"
"16247","QHI","HE","CTL",2,2015,"Salix pulchra","LIVE","LEAF",5,5,NA,2,13.6,"","V small","55"
"16271","QHI","HE","CTL",2,2015,"Salix pulchra","LIVE","LEAF",1,6,NA,2,32,"","","16"
"16280","QHI","HE","CTL",2,2015,"Salix pulchra","LIVE","LEAF",3,6,NA,1,7.2,"","","36"
"16284","QHI","HE","CTL",2,2015,"Salix pulchra","LIVE","LEAF",4,6,NA,4,8.6,"","","46"
"16338","QHI","HE","CTL",2,2015,"Salix pulchra","LIVE","LEAF",9,7,NA,2,13.5,"","","97"
"16343","QHI","HE","CTL",2,2015,"Salix pulchra","LIVE","LEAF",10,7,NA,1,11.9,"","","107"
"16347","QHI","HE","CTL",2,2015,"Salix pulchra","LIVE","LEAF",1,8,NA,1,16,"","","18"
"16351","QHI","HE","CTL",2,2015,"Salix pulchra","LIVE","LEAF",2,8,NA,3,17.2,"","","28"
"16374","QHI","HE","CTL",2,2015,"Salix pulchra","LIVE","LEAF",8,8,NA,1,6.4,"","","88"
"16377","QHI","HE","CTL",2,2015,"Salix pulchra","LIVE","LEAF",9,8,NA,1,19.7,"","","98"
"16382","QHI","HE","CTL",2,2015,"Salix pulchra","LIVE","LEAF",10,8,NA,3,11.8,"","","108"
"16388","QHI","HE","CTL",2,2015,"Salix pulchra","LIVE","LEAF",1,9,NA,2,14.2,"","","19"
"16393","QHI","HE","CTL",2,2015,"Salix pulchra","LIVE","LEAF",2,9,NA,1,14.3,"","","29"
"16407","QHI","HE","CTL",2,2015,"Salix pulchra","LIVE","LEAF",5,9,NA,1,14.2,"","","59"
"16412","QHI","HE","CTL",2,2015,"Salix pulchra","LIVE","LEAF",6,9,NA,2,4.7,"","","69"
"16415","QHI","HE","CTL",2,2015,"Salix pulchra","LIVE","LEAF",7,9,NA,2,11.4,"","","79"
"16419","QHI","HE","CTL",2,2015,"Salix pulchra","LIVE","LEAF",8,9,NA,2,7.6,"","","89"
"16431","QHI","HE","CTL",2,2015,"Salix pulchra","LIVE","LEAF",1,10,NA,2,16.7,"","","110"
"16448","QHI","HE","CTL",2,2015,"Salix pulchra","LIVE","LEAF",6,10,NA,1,22.4,"","","610"
"16456","QHI","HE","CTL",2,2015,"Salix pulchra","LIVE","STEM",7,10,NA,1,26,"","","710"
"16461","QHI","HE","CTL",2,2015,"Salix pulchra","LIVE","LEAF",8,10,NA,1,13.2,"","","810"
"16475","QHI","HE","CTL",3,2015,"Salix pulchra","LIVE","LEAF",1,1,NA,2,7.4,"","","11"
"16498","QHI","HE","CTL",3,2015,"Salix pulchra","LIVE","LEAF",7,1,NA,1,10,"","","71"
"16505","QHI","HE","CTL",3,2015,"Salix pulchra","LIVE","LEAF",9,1,NA,1,6.9,"5%","","91"
"16512","QHI","HE","CTL",3,2015,"Salix pulchra","LIVE","LEAF",10,1,NA,1,7.2,"","","101"
"16583","QHI","HE","CTL",3,2015,"Salix pulchra","LIVE","STEM",8,3,NA,1,10.3,"","","83"
"16585","QHI","HE","CTL",3,2015,"Salix pulchra","LIVE","LEAF",9,3,NA,4,17.6,"","","93"
"16630","QHI","HE","CTL",3,2015,"Salix pulchra","LIVE","LEAF",9,4,NA,1,16.3,"","","94"
"16672","QHI","HE","CTL",3,2015,"Salix pulchra","LIVE","LEAF",10,5,NA,3,21.8,"","","105"
"16679","QHI","HE","CTL",3,2015,"Salix pulchra","LIVE","LEAF",1,6,NA,1,13.4,"","","16"
"16698","QHI","HE","CTL",3,2015,"Salix pulchra","LIVE","LEAF",6,6,NA,4,21.3,"","","66"
"16741","QHI","HE","CTL",3,2015,"Salix pulchra","LIVE","LEAF",7,7,NA,1,14.7,"","","77"
"16747","QHI","HE","CTL",3,2015,"Salix pulchra","LIVE","LEAF",9,7,NA,3,17.6,"","","97"
"16779","QHI","HE","CTL",3,2015,"Salix pulchra","LIVE","LEAF",7,8,NA,5,17,"","","78"
"16822","QHI","HE","CTL",3,2015,"Salix pulchra","LIVE","LEAF",7,9,NA,2,17.5,"","","79"
"16868","QHI","HE","CTL",3,2015,"Salix pulchra","LIVE","LEAF",7,10,NA,1,15.4,"","","710"
"16874","QHI","HE","CTL",3,2015,"Salix pulchra","LIVE","LEAF",8,10,NA,1,10.7,"","","810"
"16878","QHI","HE","CTL",3,2015,"Salix pulchra","LIVE","LEAF",9,10,NA,1,10.7,"","","910"
"16883","QHI","HE","CTL",3,2015,"Salix pulchra","LIVE","LEAF",10,10,NA,2,7.8,"","","1010"
"16888","QHI","HE","CTL",4,2015,"Salix pulchra","LIVE","LEAF",1,1,NA,1,22.5,"","","11"
"16898","QHI","HE","CTL",4,2015,"Salix pulchra","LIVE","LEAF",2,1,NA,2,14.5,"","","21"
"16902","QHI","HE","CTL",4,2015,"Salix pulchra","LIVE","LEAF",3,1,NA,1,15,"","","31"
"16918","QHI","HE","CTL",4,2015,"Salix pulchra","LIVE","LEAF",6,1,NA,1,11.6,"","With orange rust ","61"
"16929","QHI","HE","CTL",4,2015,"Salix pulchra","LIVE","LEAF",9,1,NA,1,13.2,"","","91"
"16940","QHI","HE","CTL",4,2015,"Salix pulchra","LIVE","LEAF",1,2,NA,1,15,"","","12"
"16949","QHI","HE","CTL",4,2015,"Salix pulchra","LIVE","LEAF",3,2,NA,2,14.6,"","","32"
"16956","QHI","HE","CTL",4,2015,"Salix pulchra","LIVE","STEM",5,2,NA,1,16.7,"","","52"
"16960","QHI","HE","CTL",4,2015,"Salix pulchra","LIVE","LEAF",7,2,NA,1,7.4,"","","72"
"16964","QHI","HE","CTL",4,2015,"Salix pulchra","STANDINGDEAD","STEM",8,2,NA,1,8.5,"","","82"
"16970","QHI","HE","CTL",4,2015,"Salix pulchra","LIVE","LEAF",9,2,NA,1,17,"","","92"
"16992","QHI","HE","CTL",4,2015,"Salix pulchra","LIVE","LEAF",7,3,NA,2,14.9,"","","73"
"17008","QHI","HE","CTL",4,2015,"Salix pulchra","STANDINGDEAD","STEM",10,3,NA,1,9.4,"","","103"
"17032","QHI","HE","CTL",4,2015,"Salix pulchra","LIVE","LEAF",7,4,NA,1,13.4,"","","74"
"17036","QHI","HE","CTL",4,2015,"Salix pulchra","STANDINGDEAD","LEAF",8,4,NA,1,11.9,"","","84"
"17046","QHI","HE","CTL",4,2015,"Salix pulchra","LIVE","LEAF",10,4,NA,1,8.1,"","","104"
"17052","QHI","HE","CTL",4,2015,"Salix pulchra","LIVE","LEAF",1,5,NA,2,9.5,"","","15"
"17056","QHI","HE","CTL",4,2015,"Salix pulchra","LIVE","LEAF",2,5,NA,1,15.7,"","","25"
"17076","QHI","HE","CTL",4,2015,"Salix pulchra","LIVE","LEAF",7,5,NA,1,19.9,"","","75"
"17086","QHI","HE","CTL",4,2015,"Salix pulchra","LIVE","LEAF",10,5,NA,3,11.3,"","","105"
"17094","QHI","HE","CTL",4,2015,"Salix pulchra","LIVE","STEM",1,6,NA,1,9.8,"","","16"
"17100","QHI","HE","CTL",4,2015,"Salix pulchra","LIVE","STEM",2,6,NA,1,6.1,"","","26"
"17105","QHI","HE","CTL",4,2015,"Salix pulchra","LIVE","LEAF",3,6,NA,1,8.8,"","","36"
"17148","QHI","HE","CTL",4,2015,"Salix pulchra","STANDINGDEAD","LEAF",1,7,NA,1,9,"","","17"
"17155","QHI","HE","CTL",4,2015,"Salix pulchra","LIVE","LEAF",3,7,NA,1,8.9,"","","37"
"17163","QHI","HE","CTL",4,2015,"Salix pulchra","LIVE","LEAF",6,7,NA,2,8.3,"","","67"
"17172","QHI","HE","CTL",4,2015,"Salix pulchra","LIVE","LEAF",8,7,NA,2,9.1,"","","87"
"17178","QHI","HE","CTL",4,2015,"Salix pulchra","LIVE","STEM",9,7,NA,1,2.3,"","","97"
"17182","QHI","HE","CTL",4,2015,"Salix pulchra","LIVE","STEM",10,7,NA,1,0.6,"","","107"
"17186","QHI","HE","CTL",4,2015,"Salix pulchra","LIVE","LEAF",1,8,NA,1,9.5,"","","18"
"17190","QHI","HE","CTL",4,2015,"Salix pulchra","LIVE","STEM",2,8,NA,1,4.5,"","","28"
"17193","QHI","HE","CTL",4,2015,"Salix pulchra","LIVE","STEM",3,8,NA,1,6,"","","38"
"17230","QHI","HE","CTL",4,2015,"Salix pulchra","STANDINGDEAD","STEM",3,9,NA,1,7.5,"","","39"
"17234","QHI","HE","CTL",4,2015,"Salix pulchra","LIVE","LEAF",4,9,NA,1,7.6,"","","49"
"17268","QHI","HE","CTL",4,2015,"Salix pulchra","LIVE","LEAF",1,10,NA,1,15,"","","110"
"17278","QHI","HE","CTL",4,2015,"Salix pulchra","LIVE","LEAF",3,10,NA,1,12.8,"","","310"
"17280","QHI","HE","CTL",4,2015,"Salix pulchra","LIVE","LEAF",4,10,NA,1,12.7,"","","410"
"17282","QHI","HE","CTL",4,2015,"Salix pulchra","LIVE","STEM",5,10,NA,2,8.5,"","","510"
"17307","QHI","HE","CTL",4,2015,"Salix pulchra","LIVE","LEAF",10,10,NA,2,9.4,"","","1010"
"17309","QHI","HE","CTL",5,2015,"Salix pulchra","LIVE","STEM",1,1,NA,2,9,"","","11"
"17322","QHI","HE","CTL",5,2015,"Salix pulchra","LIVE","STEM",4,1,NA,1,10.4,"","","41"
"17331","QHI","HE","CTL",5,2015,"Salix pulchra","LIVE","LEAF",6,1,NA,1,5.5,"","","61"
"17343","QHI","HE","CTL",5,2015,"Salix pulchra","LIVE","LEAF",10,1,NA,1,9.3,"","","101"
"17348","QHI","HE","CTL",5,2015,"Salix pulchra","LIVE","LEAF",1,2,NA,1,9.4,"","","12"
"17352","QHI","HE","CTL",5,2015,"Salix pulchra","LIVE","STEM",2,2,NA,1,7.9,"","","22"
"17379","QHI","HE","CTL",5,2015,"Salix pulchra","LIVE","LEAF",9,2,NA,3,12.8,"","","92"
"17389","QHI","HE","CTL",5,2015,"Salix pulchra","LIVE","STEM",1,3,NA,2,7.5,"","","13"
"17398","QHI","HE","CTL",5,2015,"Salix pulchra","LIVE","LEAF",3,3,NA,2,9.1,"","","33"
"17426","QHI","HE","CTL",5,2015,"Salix pulchra","LIVE","LEAF",1,4,NA,1,17.1,"","","14"
"17430","QHI","HE","CTL",5,2015,"Salix pulchra","LIVE","STEM",2,4,NA,3,22.6,"","","24"
"17438","QHI","HE","CTL",5,2015,"Salix pulchra","LIVE","LEAF",3,4,NA,2,12.6,"","","34"
"17460","QHI","HE","CTL",5,2015,"Salix pulchra","LIVE","LEAF",9,4,NA,1,8.6,"","","94"
"17468","QHI","HE","CTL",5,2015,"Salix pulchra","LIVE","STEM",10,4,NA,1,4,"","","104"
"17489","QHI","HE","CTL",5,2015,"Salix pulchra","LIVE","LEAF",6,5,NA,1,6.2,"","","65"
"17492","QHI","HE","CTL",5,2015,"Salix pulchra","LIVE","LEAF",7,5,NA,1,5.8,"","","75"
"17495","QHI","HE","CTL",5,2015,"Salix pulchra","LIVE","LEAF",8,5,NA,2,8.5,"","","85"
"17500","QHI","HE","CTL",5,2015,"Salix pulchra","LIVE","LEAF",9,5,NA,1,9.3,"","","95"
"17502","QHI","HE","CTL",5,2015,"Salix pulchra","LIVE","LEAF",10,5,NA,3,13.1,"","","105"
"17519","QHI","HE","CTL",5,2015,"Salix pulchra","LIVE","LEAF",5,6,NA,3,7.9,"","","56"
"17533","QHI","HE","CTL",5,2015,"Salix pulchra","LIVE","LEAF",9,6,NA,2,4.6,"","","96"
"17554","QHI","HE","CTL",5,2015,"Salix pulchra","LIVE","LEAF",5,7,NA,1,10.3,"","","57"
"17571","QHI","HE","CTL",5,2015,"Salix pulchra","LIVE","LEAF",9,7,NA,1,7.2,"","","97"
"17576","QHI","HE","CTL",5,2015,"Salix pulchra","LIVE","LEAF",10,7,NA,2,8.6,"","","107"
"17612","QHI","HE","CTL",5,2015,"Salix pulchra","LIVE","STEM",10,8,NA,1,11.3,"","","108"
"17663","QHI","HE","CTL",5,2015,"Salix pulchra","LIVE","LEAF",1,10,NA,2,8.9,"","","110"
"17668","QHI","HE","CTL",5,2015,"Salix pulchra","LIVE","STEM",2,10,NA,1,9.6,"","","210"
"17674","QHI","HE","CTL",5,2015,"Salix pulchra","LIVE","LEAF",4,10,NA,1,3.2,"","","410"
"17699","QHI","HE","CTL",6,2015,"Salix pulchra","LIVE","LEAF",1,1,NA,1,11.7,"","","11"
"17716","QHI","HE","CTL",6,2015,"Salix pulchra","LIVE","LEAF",4,1,NA,3,15.5,"","","41"
"17723","QHI","HE","CTL",6,2015,"Salix pulchra","LIVE","LEAF",6,1,NA,2,10,"","","61"
"17730","QHI","HE","CTL",6,2015,"Salix pulchra","LIVE","LEAF",7,1,NA,1,6.7,"","","71"
"17743","QHI","HE","CTL",6,2015,"Salix pulchra","LIVE","LEAF",1,2,NA,1,12,"","","12"
"17748","QHI","HE","CTL",6,2015,"Salix pulchra","LIVE","LEAF",2,2,NA,1,12.7,"","","22"
"17767","QHI","HE","CTL",6,2015,"Salix pulchra","LIVE","LEAF",6,2,NA,1,21.9,"","","62"
"17779","QHI","HE","CTL",6,2015,"Salix pulchra","LIVE","LEAF",9,2,NA,1,17.5,"","","92"
"17784","QHI","HE","CTL",6,2015,"Salix pulchra","LIVE","LEAF",10,2,NA,1,9,"","","102"
"17792","QHI","HE","CTL",6,2015,"Salix pulchra","LIVE","LEAF",2,3,NA,2,15.8,"","","23"
"17816","QHI","HE","CTL",6,2015,"Salix pulchra","LIVE","LEAF",9,3,NA,2,13.3,"","","93"
"17836","QHI","HE","CTL",6,2015,"Salix pulchra","LIVE","LEAF",5,4,NA,1,16,"","","54"
"17888","QHI","HE","CTL",6,2015,"Salix pulchra","LIVE","STEM",8,5,NA,1,10.8,"","","85"
"17904","QHI","HE","CTL",6,2015,"Salix pulchra","LIVE","LEAF",1,6,NA,1,6.2,"","","16"
"17906","QHI","HE","CTL",6,2015,"Salix pulchra","LIVE","LEAF",2,6,NA,1,7.5,"","","26"
"17919","QHI","HE","CTL",6,2015,"Salix pulchra","LIVE","LEAF",4,6,NA,1,10.9,"","","46"
"17923","QHI","HE","CTL",6,2015,"Salix pulchra","LIVE","LEAF",5,6,NA,1,8.3,"","","56"
"17932","QHI","HE","CTL",6,2015,"Salix pulchra","LIVE","LEAF",7,6,NA,3,14.8,"","","76"
"17953","QHI","HE","CTL",6,2015,"Salix pulchra","LIVE","LEAF",1,7,NA,1,14.2,"","","17"
"17961","QHI","HE","CTL",6,2015,"Salix pulchra","LIVE","LEAF",3,7,NA,1,6.2,"","","37"
"17969","QHI","HE","CTL",6,2015,"Salix pulchra","LIVE","STEM",4,7,NA,1,4.1,"","","47"
"17978","QHI","HE","CTL",6,2015,"Salix pulchra","LIVE","LEAF",6,7,NA,2,20.2,"","","67"
"17984","QHI","HE","CTL",6,2015,"Salix pulchra","LIVE","LEAF",7,7,NA,2,15.6,"","","77"
"17994","QHI","HE","CTL",6,2015,"Salix pulchra","LIVE","LEAF",9,7,NA,1,14.3,"","","97"
"17998","QHI","HE","CTL",6,2015,"Salix pulchra","LIVE","LEAF",10,7,NA,2,15.1,"","","107"
"18006","QHI","HE","CTL",6,2015,"Salix pulchra","LIVE","LEAF",1,8,NA,2,12,"","","18"
"18013","QHI","HE","CTL",6,2015,"Salix pulchra","LIVE","STEM",3,8,NA,1,11.9,"","","38"
"18019","QHI","HE","CTL",6,2015,"Salix pulchra","LIVE","LEAF",4,8,NA,1,14.3,"","","48"
"18021","QHI","HE","CTL",6,2015,"Salix pulchra","LIVE","LEAF",5,8,NA,2,19.3,"","","58"
"18027","QHI","HE","CTL",6,2015,"Salix pulchra","LIVE","LEAF",6,8,NA,1,10,"","","68"
"18039","QHI","HE","CTL",6,2015,"Salix pulchra","LIVE","LEAF",8,8,NA,1,9.2,"","","88"
"18042","QHI","HE","CTL",6,2015,"Salix pulchra","LIVE","LEAF",9,8,NA,1,14.7,"","","98"
"18062","QHI","HE","CTL",6,2015,"Salix pulchra","LIVE","LEAF",3,9,NA,1,21.9,"","","39"
"18077","QHI","HE","CTL",6,2015,"Salix pulchra","LIVE","LEAF",8,9,NA,1,13.9,"","","89"
"18083","QHI","HE","CTL",6,2015,"Salix pulchra","LIVE","STEM",9,9,NA,2,8.5,"","","99"
"18114","QHI","HE","CTL",6,2015,"Salix pulchra","LIVE","LEAF",6,10,NA,1,14.4,"","","610"
"18118","QHI","HE","CTL",6,2015,"Salix pulchra","LIVE","STEM",8,10,NA,1,15.1,"","","810"
"19855","QHI","HE","CTL",1,2013,"SALPUL","LIVE","LEAF",2,2,NA,3,6.5,"","","22"
"19859","QHI","HE","CTL",1,2013,"SALPUL","LIVE","LEAF",3,2,NA,1,6.4,"","","32"
"19869","QHI","HE","CTL",1,2013,"SALPUL","LIVE","LEAF",7,2,NA,2,15.3,"","","72"
"19872","QHI","HE","CTL",1,2013,"SALPUL","LIVE","LEAF",8,2,NA,2,21.2,"","","82"
"19877","QHI","HE","CTL",1,2013,"SALPUL","LIVE","LEAF",9,2,NA,3,14.3,"","","92"
"19895","QHI","HE","CTL",1,2013,"SALPUL","LIVE","LEAF",3,1,NA,1,5.4,"","","31"
"19911","QHI","HE","CTL",1,2013,"SALPUL","LIVE","LEAF",7,1,NA,1,12,"","","71"
"19916","QHI","HE","CTL",1,2013,"SALPUL","LIVE","LEAF",8,1,NA,3,21.2,"","","81"
"19931","QHI","HE","CTL",1,2013,"SALPUL","LIVE","LEAF",2,3,NA,3,10.4,"","","23"
"19946","QHI","HE","CTL",1,2013,"SALPUL","STANDINGDEAD","STEM",7,3,NA,1,10.8,"","","73"
"19974","QHI","HE","CTL",1,2013,"SALPUL","LIVE","FLOWER",6,4,NA,1,7.9,"","","64"
"20006","QHI","HE","CTL",1,2013,"SALPUL","LIVE","LEAF",7,5,NA,1,12.2,"","","75"
"20027","QHI","HE","CTL",1,2013,"SALPUL","LIVE","LEAF",3,6,NA,2,10.3,"","","36"
"20049","QHI","HE","CTL",1,2013,"SALPUL","LIVE","LEAF",7,6,NA,1,8.9,"","","76"
"20053","QHI","HE","CTL",1,2013,"SALPUL","LIVE","LEAF",8,6,NA,1,13.9,"","","86"
"20071","QHI","HE","CTL",1,2013,"SALPUL","LIVE","LEAF",4,8,NA,1,9.1,"","","48"
"20097","QHI","HE","CTL",1,2013,"SALPUL","LIVE","LEAF",2,7,NA,2,7.3,"","","27"
"20194","QHI","HE","CTL",2,2013,"SALPUL","LIVE","LEAF",1,1,NA,2,10.3,"","","11"
"20223","QHI","HE","CTL",2,2013,"SALPUL","LIVE","LEAF",9,1,NA,2,4.6,"","","91"
"20263","QHI","HE","CTL",2,2013,"SALPUL","LIVE","STEM",1,3,NA,1,2.5,"","","13"
"20299","QHI","HE","CTL",2,2013,"SALPUL","LIVE","LEAF",1,4,NA,1,11.1,"","","14"
"20330","QHI","HE","CTL",2,2013,"SALPUL","LIVE","LEAF",1,5,NA,1,2.8,"","","15"
"20332","QHI","HE","CTL",2,2013,"SALPUL","LIVE","LEAF",2,5,NA,1,4.2,"","","25"
"20355","QHI","HE","CTL",2,2013,"SALPUL","LIVE","LEAF",9,5,NA,1,9.3,"","","95"
"20376","QHI","HE","CTL",2,2013,"SALPUL","LIVE","LEAF",5,6,NA,2,3.8,"","","56"
"20399","QHI","HE","CTL",2,2013,"SALPUL","LIVE","LEAF",4,7,NA,2,7.1,"","","47"
"20402","QHI","HE","CTL",2,2013,"SALPUL","LIVE","LEAF",5,7,NA,1,8.5,"","","57"
"20403","QHI","HE","CTL",2,2013,"SALPUL","LIVE","LEAF",6,7,NA,1,6.8,"","","67"
"20415","QHI","HE","CTL",2,2013,"SALPUL","LIVE","LEAF",9,7,NA,1,6.3,"","","97"
"20423","QHI","HE","CTL",2,2013,"SALPUL","LIVE","LEAF",2,8,NA,1,5.1,"","","28"
"20426","QHI","HE","CTL",2,2013,"SALPUL","LIVE","LEAF",3,8,NA,1,6.4,"","","38"
"20442","QHI","HE","CTL",2,2013,"SALPUL","LIVE","LEAF",8,8,NA,1,8.1,"","","88"
"20452","QHI","HE","CTL",2,2013,"SALPUL","LIVE","LEAF",10,8,NA,1,14,"","","108"
"20466","QHI","HE","CTL",2,2013,"SALPUL","LIVE","LEAF",4,9,NA,1,19.7,"","","49"
"20470","QHI","HE","CTL",2,2013,"SALPUL","LIVE","LEAF",5,9,NA,2,9.9,"","","59"
"20474","QHI","HE","CTL",2,2013,"SALPUL","LIVE","LEAF",6,9,NA,1,10.3,"","","69"
"20478","QHI","HE","CTL",2,2013,"SALPUL","LIVE","LEAF",7,9,NA,1,7.7,"","","79"
"20480","QHI","HE","CTL",2,2013,"SALPUL","LIVE","LEAF",8,9,NA,1,15.3,"","","89"
"20487","QHI","HE","CTL",2,2013,"SALPUL","LIVE","LEAF",10,9,NA,2,16.5,"","","109"
"20496","QHI","HE","CTL",2,2013,"SALPUL","LIVE","STEM",3,10,NA,1,12,"","","310"
"20499","QHI","HE","CTL",2,2013,"SALPUL","LIVE","LEAF",4,10,NA,1,5.7,"","","410"
"20502","QHI","HE","CTL",2,2013,"SALPUL","LIVE","LEAF",5,10,NA,1,10.7,"","","510"
"20516","QHI","HE","CTL",2,2013,"SALPUL","LIVE","LEAF",10,10,NA,1,18.6,"","","1010"
"20538","QHI","HE","CTL",3,2013,"SALPUL","LIVE","LEAF",6,1,NA,1,9.4,"","","61"
"20554","QHI","HE","CTL",3,2013,"SALPUL","LIVE","LEAF",1,2,NA,2,15.6,"","","12"
"20559","QHI","HE","CTL",3,2013,"SALPUL","LIVE","LEAF",2,2,NA,2,17.1,"","","22"
"20565","QHI","HE","CTL",3,2013,"SALPUL","LIVE","LEAF",3,2,NA,2,12.7,"","","32"
"20648","QHI","HE","CTL",3,2013,"SALPUL","LIVE","LEAF",7,4,NA,1,17.7,"","","74"
"20654","QHI","HE","CTL",3,2013,"SALPUL","LIVE","LEAF",8,4,NA,3,19,"","","84"
"20661","QHI","HE","CTL",3,2013,"SALPUL","LIVE","STEM",9,4,NA,1,3.8,"","","94"
"20663","QHI","HE","CTL",3,2013,"SALPUL","LIVE","LEAF",10,4,NA,1,15.1,"","","104"
"20687","QHI","HE","CTL",3,2013,"SALPUL","LIVE","LEAF",6,5,NA,1,22.8,"","","65"
"20844","QHI","HE","CTL",3,2013,"SALPUL","LIVE","LEAF",7,9,NA,1,9.3,"","","79"
"20935","QHI","HE","CTL",4,2013,"SALPUL","LIVE","LEAF",8,1,NA,1,7,"","","81"
"20951","QHI","HE","CTL",4,2013,"SALPUL","LIVE","LEAF",2,2,NA,1,7.1,"","","22"
"20964","QHI","HE","CTL",4,2013,"SALPUL","LIVE","LEAF",5,2,NA,1,2.4,"","","52"
"21032","QHI","HE","CTL",4,2013,"SALPUL","LIVE","LEAF",1,4,NA,1,6,"","","14"
"21037","QHI","HE","CTL",4,2013,"SALPUL","LIVE","STEM",2,4,NA,1,10.5,"","","24"
"21039","QHI","HE","CTL",4,2013,"SALPUL","LIVE","STEM",3,4,NA,1,8.4,"","","34"
"21047","QHI","HE","CTL",4,2013,"SALPUL","LIVE","LEAF",5,4,NA,2,7.6,"","","54"
"21059","QHI","HE","CTL",4,2013,"SALPUL","LIVE","LEAF",9,4,NA,1,8.2,"","","94"
"21083","QHI","HE","CTL",4,2013,"SALPUL","LIVE","LEAF",5,5,NA,1,9.6,"","","55"
"21085","QHI","HE","CTL",4,2013,"SALPUL","LIVE","LEAF",6,5,NA,1,10.3,"","","65"
"21089","QHI","HE","CTL",4,2013,"SALPUL","LIVE","LEAF",7,5,NA,2,4.2,"","","75"
"21118","QHI","HE","CTL",4,2013,"SALPUL","LIVE","LEAF",5,6,NA,1,8.4,"","","56"
"21123","QHI","HE","CTL",4,2013,"SALPUL","LIVE","LEAF",6,6,NA,1,5.4,"","","66"
"21159","QHI","HE","CTL",4,2013,"SALPUL","LIVE","LEAF",7,7,NA,1,7.5,"","","77"
"21163","QHI","HE","CTL",4,2013,"SALPUL","STANDINGDEAD","STEM",8,7,NA,1,8.9,"","","87"
"21170","QHI","HE","CTL",4,2013,"SALPUL","LIVE","LEAF",10,7,NA,1,14.6,"","","107"
"21175","QHI","HE","CTL",4,2013,"SALPUL","LIVE","LEAF",1,8,NA,1,5.6,"","","18"
"21195","QHI","HE","CTL",4,2013,"SALPUL","LIVE","LEAF",9,8,NA,2,3.9,"","","98"
"21198","QHI","HE","CTL",4,2013,"SALPUL","LIVE","LEAF",10,8,NA,1,12.2,"","","108"
"21218","QHI","HE","CTL",4,2013,"SALPUL","LIVE","LEAF",6,9,NA,2,12.8,"","","69"
"21224","QHI","HE","CTL",4,2013,"SALPUL","LIVE","LEAF",8,9,NA,2,4.2,"","","89"
"21228","QHI","HE","CTL",4,2013,"SALPUL","LIVE","LEAF",9,9,NA,1,10.5,"","","99"
"21234","QHI","HE","CTL",4,2013,"SALPUL","LIVE","LEAF",10,9,NA,1,10.5,"","","109"
"21241","QHI","HE","CTL",4,2013,"SALPUL","LIVE","LEAF",2,10,NA,1,7.2,"","","210"
"21257","QHI","HE","CTL",4,2013,"SALPUL","LIVE","LEAF",6,10,NA,1,13.5,"","","610"
"21259","QHI","HE","CTL",4,2013,"SALPUL","LIVE","LEAF",7,10,NA,2,13.2,"","","710"
"21267","QHI","HE","CTL",4,2013,"SALPUL","LIVE","LEAF",8,10,NA,3,15.8,"","","810"
"21277","QHI","HE","CTL",5,2013,"SALPUL","LIVE","STEM",1,1,NA,1,5.4,"","","11"
"21284","QHI","HE","CTL",5,2013,"SALPUL","LIVE","LEAF",3,1,NA,3,11.9,"","","31"
"21298","QHI","HE","CTL",5,2013,"SALPUL","LIVE","LEAF",6,1,NA,2,6.8,"","","61"
"21300","QHI","HE","CTL",5,2013,"SALPUL","LIVE","LEAF",7,1,NA,1,16.1,"","","71"
"21304","QHI","HE","CTL",5,2013,"SALPUL","LIVE","STEM",8,1,NA,1,7.4,"","","81"
"21339","QHI","HE","CTL",5,2013,"SALPUL","LIVE","LEAF",8,2,NA,1,9.7,"","","82"
"21366","QHI","HE","CTL",5,2013,"SALPUL","LIVE","LEAF",5,3,NA,1,3.5,"","","53"
"21412","QHI","HE","CTL",5,2013,"SALPUL","LIVE","LEAF",10,4,NA,4,10.9,"","","104"
"21436","QHI","HE","CTL",5,2013,"SALPUL","LIVE","LEAF",7,5,NA,2,2.8,"","","75"
"21443","QHI","HE","CTL",5,2013,"SALPUL","LIVE","LEAF",8,5,NA,1,2.1,"","","85"
"21471","QHI","HE","CTL",5,2013,"SALPUL","LIVE","LEAF",7,6,NA,1,6,"","","76"
"21476","QHI","HE","CTL",5,2013,"SALPUL","LIVE","LEAF",8,6,NA,2,3.7,"","","86"
"21489","QHI","HE","CTL",5,2013,"SALPUL","LIVE","LEAF",2,7,NA,1,5.3,"","","27"
"21503","QHI","HE","CTL",5,2013,"SALPUL","LIVE","STEM",5,7,NA,1,10.4,"","","57"
"21517","QHI","HE","CTL",5,2013,"SALPUL","LIVE","LEAF",9,7,NA,1,7.1,"","","97"
"21539","QHI","HE","CTL",5,2013,"SALPUL","LIVE","LEAF",4,8,NA,2,19.2,"","","48"
"21554","QHI","HE","CTL",5,2013,"SALPUL","LIVE","LEAF",9,8,NA,1,9.2,"","","98"
"21562","QHI","HE","CTL",5,2013,"SALPUL","LIVE","LEAF",1,9,NA,3,8.3,"","","19"
"21566","QHI","HE","CTL",5,2013,"SALPUL","LIVE","LEAF",2,9,NA,1,12.4,"","","29"
"21593","QHI","HE","CTL",5,2013,"SALPUL","LIVE","LEAF",1,10,NA,4,15.3,"","","110"
"21600","QHI","HE","CTL",5,2013,"SALPUL","LIVE","LEAF",2,10,NA,2,11.1,"","","210"
"21603","QHI","HE","CTL",5,2013,"SALPUL","LIVE","LEAF",3,10,NA,3,10.3,"","","310"
"21609","QHI","HE","CTL",5,2013,"SALPUL","LIVE","LEAF",4,10,NA,3,13.7,"","","410"
"21630","QHI","HE","CTL",6,2013,"SALPUL","LIVE","STEM",1,1,NA,1,18.8,"","","11"
"21649","QHI","HE","CTL",6,2013,"SALPUL","LIVE","LEAF",5,2,NA,1,9.1,"","","52"
"21673","QHI","HE","CTL",6,2013,"SALPUL","LIVE","STEM",1,3,NA,1,7,"","","13"
"21689","QHI","HE","CTL",6,2013,"SALPUL","LIVE","LEAF",5,1,NA,2,8.4,"","","51"
"21693","QHI","HE","CTL",6,2013,"SALPUL","LIVE","LEAF",6,1,NA,2,12.3,"","","61"
"21723","QHI","HE","CTL",6,2013,"SALPUL","LIVE","LEAF",4,3,NA,1,9.8,"","","43"
"21727","QHI","HE","CTL",6,2013,"SALPUL","LIVE","LEAF",5,3,NA,2,7.8,"","","53"
"21754","QHI","HE","CTL",6,2013,"SALPUL","LIVE","LEAF",1,4,NA,1,8.1,"","","14"
"21767","QHI","HE","CTL",6,2013,"SALPUL","LIVE","LEAF",5,4,NA,1,6,"","","54"
"21780","QHI","HE","CTL",6,2013,"SALPUL","LIVE","LEAF",9,4,NA,2,5.6,"","","94"
"21798","QHI","HE","CTL",6,2013,"SALPUL","LIVE","LEAF",5,5,NA,1,5.9,"","","55"
"21804","QHI","HE","CTL",6,2013,"SALPUL","LIVE","LEAF",6,5,NA,1,3.9,"","","65"
"21819","QHI","HE","CTL",6,2013,"SALPUL","LIVE","LEAF",10,5,NA,1,6.5,"","","105"
"21837","QHI","HE","CTL",6,2013,"SALPUL","LIVE","LEAF",5,6,NA,2,15.2,"","","56"
"21844","QHI","HE","CTL",6,2013,"SALPUL","LIVE","LEAF",7,6,NA,1,1.4,"","","76"
"21859","QHI","HE","CTL",6,2013,"SALPUL","LIVE","LEAF",1,7,NA,2,10.2,"","","17"
"21863","QHI","HE","CTL",6,2013,"SALPUL","LIVE","STEM",2,7,NA,1,2.4,"","","27"
"21872","QHI","HE","CTL",6,2013,"SALPUL","LIVE","LEAF",4,7,NA,5,19.4,"","","47"
"21893","QHI","HE","CTL",6,2013,"SALPUL","LIVE","LEAF",10,7,NA,1,9.1,"","","107"
"21903","QHI","HE","CTL",6,2013,"SALPUL","LIVE","LEAF",2,8,NA,1,3.3,"","","28"
"21907","QHI","HE","CTL",6,2013,"SALPUL","LIVE","LEAF",3,8,NA,1,3.6,"","","38"
"21913","QHI","HE","CTL",6,2013,"SALPUL","LIVE","LEAF",4,8,NA,3,17.7,"","","48"
"21936","QHI","HE","CTL",6,2013,"SALPUL","LIVE","LEAF",1,9,NA,1,9.7,"","","19"
"21970","QHI","HE","CTL",6,2013,"SALPUL","LIVE","LEAF",1,10,NA,1,13.4,"","","110"
"21977","QHI","HE","CTL",6,2013,"SALPUL","LIVE","LEAF",2,10,NA,2,11.1,"","","210"
"21981","QHI","HE","CTL",6,2013,"SALPUL","LIVE","LEAF",3,10,NA,3,9.8,"","","310"
"23952","QHI","HE","CTL",1,2016,"Salix pulchra","Live","Leaf",2,1,NA,3,23.1,"","","21"
"23960","QHI","HE","CTL",1,2016,"Salix pulchra","Live","Leaf",3,1,NA,2,21.5,"","","31"
"23974","QHI","HE","CTL",1,2016,"Salix pulchra","Live","Leaf",7,1,NA,1,10.6,"","","71"
"23980","QHI","HE","CTL",1,2016,"Salix pulchra","Live","Stem",8,1,NA,1,7.8,"","","81"
"24000","QHI","HE","CTL",1,2016,"Salix pulchra","Live","Leaf",2,2,NA,1,14.7,"","","22"
"24004","QHI","HE","CTL",1,2016,"Salix pulchra","Live","Leaf",3,2,NA,1,13.5,"","","32"
"24012","QHI","HE","CTL",1,2016,"Salix pulchra","Live","Leaf",5,2,NA,1,20.5,"","","52"
"24019","QHI","HE","CTL",1,2016,"Salix pulchra","Live","Leaf",7,2,NA,1,12.7,"","","72"
"24027","QHI","HE","CTL",1,2016,"Salix pulchra","Standing dead","Leaf",8,2,NA,1,13.4,"","","82"
"24036","QHI","HE","CTL",1,2016,"Salix pulchra","Live","Leaf",1,3,NA,4,15.4,"","","13"
"24043","QHI","HE","CTL",1,2016,"Salix pulchra","Live","Leaf",2,3,NA,1,10.4,"","","23"
"24058","QHI","HE","CTL",1,2016,"Salix pulchra","Live","Leaf",7,3,NA,1,11.6,"","","73"
"24102","QHI","HE","CTL",1,2016,"Salix pulchra","Live","Leaf",6,4,NA,1,9.2,"","","64"
"24108","QHI","HE","CTL",1,2016,"Salix pulchra","Live","Leaf",7,4,NA,1,13,"","","74"
"24113","QHI","HE","CTL",1,2016,"Salix pulchra","Live","Leaf",8,4,NA,2,7.8,"","","84"
"24116","QHI","HE","CTL",1,2016,"Salix pulchra","Live","Leaf",9,4,NA,5,8.7,"","","94"
"24125","QHI","HE","CTL",1,2016,"Salix pulchra","Live","Leaf",1,5,NA,3,19.5,"","","15"
"24135","QHI","HE","CTL",1,2016,"Salix pulchra","Live","Leaf",2,5,NA,4,11.7,"","","25"
"24150","QHI","HE","CTL",1,2016,"Salix pulchra","Live","Leaf",5,5,NA,1,15.4,"","","55"
"24154","QHI","HE","CTL",1,2016,"Salix pulchra","Live","Leaf",6,5,NA,1,14.6,"","","65"
"24159","QHI","HE","CTL",1,2016,"Salix pulchra","Live","Leaf",7,5,NA,1,14.7,"","","75"
"24170","QHI","HE","CTL",1,2016,"Salix pulchra","Live","Leaf",9,5,NA,1,13.1,"","","95"
"24175","QHI","HE","CTL",1,2016,"Salix pulchra","Live","Leaf",1,6,NA,1,15.5,"","","16"
"24184","QHI","HE","CTL",1,2016,"Salix pulchra","Live","Leaf",3,6,NA,2,19.6,"","","36"
"24189","QHI","HE","CTL",1,2016,"Salix pulchra","Live","Leaf",4,6,NA,1,16.4,"","","46"
"24194","QHI","HE","CTL",1,2016,"Salix pulchra","Live","Leaf",5,6,NA,2,14.4,"","","56"
"24206","QHI","HE","CTL",1,2016,"Salix pulchra","Live","Leaf",7,6,NA,4,18.8,"","","76"
"24212","QHI","HE","CTL",1,2016,"Salix pulchra","Live","Leaf",8,6,NA,1,14.4,"","","86"
"24228","QHI","HE","CTL",1,2016,"Salix pulchra","Live","Leaf",2,7,NA,2,21.2,"","","27"
"24232","QHI","HE","CTL",1,2016,"Salix pulchra","Live","Leaf",3,7,NA,3,23.3,"","","37"
"24239","QHI","HE","CTL",1,2016,"Salix pulchra","Live","Leaf",4,7,NA,4,23.6,"","","47"
"24244","QHI","HE","CTL",1,2016,"Salix pulchra","Live","Leaf",5,7,NA,2,22.7,"","","57"
"24254","QHI","HE","CTL",1,2016,"Salix pulchra","Live","Leaf",6,7,NA,1,15.5,"","","67"
"24260","QHI","HE","CTL",1,2016,"Salix pulchra","Live","Leaf",7,7,NA,2,15.4,"","","77"
"24264","QHI","HE","CTL",1,2016,"Salix pulchra","Live","Leaf",8,7,NA,1,14.3,"","","87"
"24279","QHI","HE","CTL",1,2016,"Salix pulchra","Live","Leaf",1,8,NA,1,11.9,"","","18"
"24285","QHI","HE","CTL",1,2016,"Salix pulchra","Live","Leaf",3,8,NA,1,27.6,"","","38"
"24292","QHI","HE","CTL",1,2016,"Salix pulchra","Live","Leaf",4,8,NA,1,19.3,"","","48"
"24321","QHI","HE","CTL",1,2016,"Salix pulchra","Live","Stem",1,9,NA,1,17.6,"","","19"
"24328","QHI","HE","CTL",1,2016,"Salix pulchra","Live","Leaf",2,9,NA,3,16.7,"","","29"
"24335","QHI","HE","CTL",1,2016,"Salix pulchra","Live","Stem",3,9,NA,1,16.5,"","","39"
"24384","QHI","HE","CTL",1,2016,"Salix pulchra","Live","Leaf",3,10,NA,1,17.4,"","","310"
"24411","QHI","HE","CTL",1,2016,"Salix pulchra","Live","Leaf",8,10,NA,1,7.7,"","","810"
"24440","QHI","HE","CTL",2,2016,"Salix pulchra","Standing dead","Stem",3,1,NA,1,7.4,"","","31"
"24443","QHI","HE","CTL",2,2016,"Salix pulchra","Live","Leaf",4,1,NA,2,10.5,"","","41"
"24451","QHI","HE","CTL",2,2016,"Salix pulchra","Live","Leaf",5,1,NA,1,13.9,"","","51"
"24462","QHI","HE","CTL",2,2016,"Salix pulchra","Live","Leaf",6,1,NA,1,7.6,"","","61"
"24464","QHI","HE","CTL",2,2016,"Salix pulchra","Live","Leaf",7,1,NA,3,11,"","","71"
"24471","QHI","HE","CTL",2,2016,"Salix pulchra","Live","Leaf",8,1,NA,4,9.4,"","","81"
"24477","QHI","HE","CTL",2,2016,"Salix pulchra","Live","Leaf",9,1,NA,1,7,"","","91"
"24483","QHI","HE","CTL",2,2016,"Salix pulchra","Live","Stem",10,1,NA,1,6.6,"","","101"
"24495","QHI","HE","CTL",2,2016,"Salix pulchra","Live","Leaf",2,2,NA,1,3.8,"","","22"
"24511","QHI","HE","CTL",2,2016,"Salix pulchra","Live","Leaf",5,2,NA,1,6.3,"","","52"
"24548","QHI","HE","CTL",2,2016,"Salix pulchra","Live","Stem",5,3,NA,1,10.6,"","","53"
"24570","QHI","HE","CTL",2,2016,"Salix pulchra","Live","Leaf",8,3,NA,1,9.4,"","","83"
"24574","QHI","HE","CTL",2,2016,"Salix pulchra","Live","Leaf",9,3,NA,2,13.3,"","","93"
"24581","QHI","HE","CTL",2,2016,"Salix pulchra","Live","Leaf",10,3,NA,4,13.1,"","","103"
"24606","QHI","HE","CTL",2,2016,"Salix pulchra","Live","Leaf",7,4,NA,1,7.8,"","","74"
"24610","QHI","HE","CTL",2,2016,"Salix pulchra","Live","Leaf",8,4,NA,2,9.9,"","","84"
"24614","QHI","HE","CTL",2,2016,"Salix pulchra","Live","Leaf",9,4,NA,2,7.5,"","","94"
"24622","QHI","HE","CTL",2,2016,"Salix pulchra","Live","Leaf",10,4,NA,1,6.7,"","","104"
"24651","QHI","HE","CTL",2,2016,"Salix pulchra","Live","Leaf",7,5,NA,3,12.1,"","","75"
"24656","QHI","HE","CTL",2,2016,"Salix pulchra","Live","Leaf",8,5,NA,2,8.6,"","","85"
"24661","QHI","HE","CTL",2,2016,"Salix pulchra","Live","Leaf",9,5,NA,2,25.1,"","","95"
"24673","QHI","HE","CTL",2,2016,"Salix pulchra","Live","Leaf",1,6,NA,1,7.4,"","","16"
"24695","QHI","HE","CTL",2,2016,"Salix pulchra","Live","Leaf",6,6,NA,2,20.5,"","","66"
"24702","QHI","HE","CTL",2,2016,"Salix pulchra","Live","Leaf",8,6,NA,2,9,"","","86"
"24706","QHI","HE","CTL",2,2016,"Salix pulchra","Live","Stem",9,6,NA,1,21.8,"","","96"
"24710","QHI","HE","CTL",2,2016,"Salix pulchra","Live","Leaf",10,6,NA,1,10.6,"","","106"
"24720","QHI","HE","CTL",2,2016,"Salix pulchra","Live","Leaf",2,8,NA,3,17.1,"","","28"
"24735","QHI","HE","CTL",2,2016,"Salix pulchra","Live","Stem",5,8,NA,1,0.5,"","","58"
"24749","QHI","HE","CTL",2,2016,"Salix pulchra","Live","Leaf",8,8,NA,1,24.1,"","","88"
"24757","QHI","HE","CTL",2,2016,"Salix pulchra","Live","Stem",9,8,NA,1,9.9,"","","98"
"24761","QHI","HE","CTL",2,2016,"Salix pulchra","Standing dead","Stem",10,8,NA,1,13.1,"","","108"
"24763","QHI","HE","CTL",2,2016,"Salix pulchra","Live","Leaf",1,9,NA,2,12.2,"","","19"
"24774","QHI","HE","CTL",2,2016,"Salix pulchra","Standing dead","Leaf",3,9,NA,2,6.4,"","","39"
"24783","QHI","HE","CTL",2,2016,"Salix pulchra","Live","Leaf",6,9,NA,1,9.1,"","","69"
"24792","QHI","HE","CTL",2,2016,"Salix pulchra","Live","Leaf",8,9,NA,2,25.1,"","","89"
"24797","QHI","HE","CTL",2,2016,"Salix pulchra","Live","Leaf",9,9,NA,3,10.2,"","","99"
"24807","QHI","HE","CTL",2,2016,"Salix pulchra","Live","Leaf",10,9,NA,2,18,"","","109"
"24809","QHI","HE","CTL",2,2016,"Salix pulchra","Live","Leaf",1,10,NA,1,10.5,"","","110"
"24816","QHI","HE","CTL",2,2016,"Salix pulchra","Live","Leaf",3,10,NA,2,14.6,"","","310"
"24827","QHI","HE","CTL",2,2016,"Salix pulchra","Live","Leaf",5,10,NA,2,5.3,"","","510"
"24830","QHI","HE","CTL",2,2016,"Salix pulchra","Live","Leaf",6,10,NA,1,13.7,"","","610"
"24847","QHI","HE","CTL",2,2016,"Salix pulchra","Live","Leaf",10,10,NA,3,21.2,"","","1010"
"24857","QHI","HE","CTL",3,2016,"Salix pulchra","Live","Leaf",2,1,NA,1,18.3,"","","21"
"24862","QHI","HE","CTL",3,2016,"Salix pulchra","Live","Stem",3,1,NA,1,6.9,"","","31"
"24882","QHI","HE","CTL",3,2016,"Salix pulchra","Live","Leaf",9,1,NA,1,9.6,"","","91"
"24891","QHI","HE","CTL",3,2016,"Salix pulchra","Live","Leaf",1,2,NA,1,11.1,"","","12"
"24927","QHI","HE","CTL",3,2016,"Salix pulchra","Live","Leaf",2,3,NA,4,13.9,"","","23"
"24933","QHI","HE","CTL",3,2016,"Salix pulchra","Live","Leaf",3,3,NA,1,10.2,"","","33"
"24969","QHI","HE","CTL",3,2016,"Salix pulchra","Live","Stem",2,4,NA,1,6.2,"","","24"
"25003","QHI","HE","CTL",3,2016,"Salix pulchra","Live","Leaf",1,5,NA,4,19,"","","15"
"25014","QHI","HE","CTL",3,2016,"Salix pulchra","Live","Leaf",4,5,NA,2,13.4,"","","45"
"25057","QHI","HE","CTL",3,2016,"Salix pulchra","Live","Leaf",5,6,NA,1,17.2,"","","56"
"25069","QHI","HE","CTL",3,2016,"Salix pulchra","Live","Leaf",9,6,NA,1,17,"","","96"
"25075","QHI","HE","CTL",3,2016,"Salix pulchra","Live","Leaf",10,6,NA,1,13.9,"","","106"
"25085","QHI","HE","CTL",3,2016,"Salix pulchra","Live","Leaf",2,7,NA,1,4.4,"","","27"
"25089","QHI","HE","CTL",3,2016,"Salix pulchra","Live","Leaf",3,7,NA,2,7.1,"","","37"
"25121","QHI","HE","CTL",3,2016,"Salix pulchra","Live","Leaf",1,8,NA,1,16.3,"","","18"
"25128","QHI","HE","CTL",3,2016,"Salix pulchra","Live","Leaf",2,8,NA,1,6.2,"","","28"
"25141","QHI","HE","CTL",3,2016,"Salix pulchra","Live","Stem",4,8,NA,1,15.4,"","","48"
"25163","QHI","HE","CTL",3,2016,"Salix pulchra","Live","Leaf",1,9,NA,2,7.8,"","","19"
"25176","QHI","HE","CTL",3,2016,"Salix pulchra","Live","Leaf",3,9,NA,3,6.5,"","","39"
"25181","QHI","HE","CTL",3,2016,"Salix pulchra","Live","Leaf",4,9,NA,3,17.6,"","","49"
"25209","QHI","HE","CTL",3,2016,"Salix pulchra","Live","Stem",1,10,NA,1,7.1,"","","110"
"25215","QHI","HE","CTL",3,2016,"Salix pulchra","Live","Leaf",2,10,NA,1,6.6,"","","210"
"25227","QHI","HE","CTL",3,2016,"Salix pulchra","Live","Leaf",4,10,NA,2,5.1,"","","410"
"25271","QHI","HE","CTL",4,2016,"Salix pulchra","Live","Leaf",5,1,NA,2,7.5,"","","51"
"25278","QHI","HE","CTL",4,2016,"Salix pulchra","Live","Leaf",6,1,NA,1,4.9,"","","61"
"25286","QHI","HE","CTL",4,2016,"Salix pulchra","Live","Leaf",8,1,NA,1,8.1,"","","81"
"25292","QHI","HE","CTL",4,2016,"Salix pulchra","Live","Stem",9,1,NA,1,5.1,"","","91"
"25295","QHI","HE","CTL",4,2016,"Salix pulchra","Live","Stem",10,1,NA,1,10,"","","101"
"25303","QHI","HE","CTL",4,2016,"Salix pulchra","Live","Leaf",2,2,NA,2,11.4,"","11,37615385","22"
"25317","QHI","HE","CTL",4,2016,"Salix pulchra","Live","Leaf",5,2,NA,1,5.2,"","","52"
"25329","QHI","HE","CTL",4,2016,"Salix pulchra","Live","Leaf",8,2,NA,1,9.3,"","","82"
"25334","QHI","HE","CTL",4,2016,"Salix pulchra","Live","Leaf",9,2,NA,1,11,"","","92"
"25340","QHI","HE","CTL",4,2016,"Salix pulchra","Live","Leaf",10,2,NA,1,8,"","","102"
"25348","QHI","HE","CTL",4,2016,"Salix pulchra","Live","Stem",2,3,NA,1,5.9,"","","23"
"25351","QHI","HE","CTL",4,2016,"Salix pulchra","Live","Leaf",3,3,NA,3,8.7,"","","33"
"25357","QHI","HE","CTL",4,2016,"Salix pulchra","Live","Leaf",4,3,NA,1,4.9,"","","43"
"25367","QHI","HE","CTL",4,2016,"Salix pulchra","Live","Leaf",7,3,NA,1,5.5,"","","73"
"25370","QHI","HE","CTL",4,2016,"Salix pulchra","Live","Leaf",8,3,NA,1,5.9,"","","83"
"25383","QHI","HE","CTL",4,2016,"Salix pulchra","Live","Leaf",1,4,NA,2,5.4,"","","14"
"25395","QHI","HE","CTL",4,2016,"Salix pulchra","Live","Leaf",4,4,NA,3,16.4,"","","44"
"25412","QHI","HE","CTL",4,2016,"Salix pulchra","Live","Leaf",9,4,NA,1,8.9,"","","94"
"25423","QHI","HE","CTL",4,2016,"Salix pulchra","Live","Leaf",1,5,NA,2,5.4,"","","15"
"25440","QHI","HE","CTL",4,2016,"Salix pulchra","Live","Leaf",4,5,NA,2,10,"","","45"
"25449","QHI","HE","CTL",4,2016,"Salix pulchra","Live","Leaf",6,5,NA,1,4.7,"","","65"
"25451","QHI","HE","CTL",4,2016,"Salix pulchra","Live","Leaf",7,5,NA,1,7.4,"","","75"
"25464","QHI","HE","CTL",4,2016,"Salix pulchra","Live","Leaf",9,5,NA,2,5.1,"","","95"
"25485","QHI","HE","CTL",4,2016,"Salix pulchra","Live","Leaf",3,6,NA,1,5.4,"","","36"
"25497","QHI","HE","CTL",4,2016,"Salix pulchra","Live","Leaf",5,6,NA,1,8.9,"","","56"
"25517","QHI","HE","CTL",4,2016,"Salix pulchra","Live","Leaf",8,6,NA,1,5,"","","86"
"25524","QHI","HE","CTL",4,2016,"Salix pulchra","Live","Leaf",10,6,NA,1,4.6,"","","106"
"25532","QHI","HE","CTL",4,2016,"Salix pulchra","Live","Stem",1,7,NA,1,2.3,"","","17"
"25537","QHI","HE","CTL",4,2016,"Salix pulchra","Live","Stem",2,7,NA,1,2.4,"","","27"
"25540","QHI","HE","CTL",4,2016,"Salix pulchra","Live","Leaf",3,7,NA,3,9.5,"","","37"
"25543","QHI","HE","CTL",4,2016,"Salix pulchra","Live","Leaf",4,7,NA,1,12.4,"","","47"
"25547","QHI","HE","CTL",4,2016,"Salix pulchra","Live","Leaf",5,7,NA,3,9.4,"","","57"
"25553","QHI","HE","CTL",4,2016,"Salix pulchra","Live","Leaf",7,7,NA,2,6.6,"","","77"
"25560","QHI","HE","CTL",4,2016,"Salix pulchra","Live","Stem",9,7,NA,1,1.9,"","","97"
"25562","QHI","HE","CTL",4,2016,"Salix pulchra","Live","Leaf",10,7,NA,1,5.2,"","","107"
"25595","QHI","HE","CTL",4,2016,"Salix pulchra","Live","Leaf",6,8,NA,2,7.5,"","","68"
"25600","QHI","HE","CTL",4,2016,"Salix pulchra","Live","Leaf",8,8,NA,2,13,"","","88"
"25607","QHI","HE","CTL",4,2016,"Salix pulchra","Live","Stem",9,8,NA,1,5.5,"","","98"
"25610","QHI","HE","CTL",4,2016,"Salix pulchra","Live","Leaf",10,8,NA,2,19.1,"","","108"
"25626","QHI","HE","CTL",4,2016,"Salix pulchra","Live","Leaf",3,9,NA,1,5.4,"","","39"
"25629","QHI","HE","CTL",4,2016,"Salix pulchra","Live","Stem",3,9,NA,1,7,"","","39"
"25644","QHI","HE","CTL",4,2016,"Salix pulchra","Live","Leaf",7,9,NA,5,16.2,"","","79"
"25654","QHI","HE","CTL",4,2016,"Salix pulchra","Live","Stem",9,9,NA,1,4.4,"","","99"
"25656","QHI","HE","CTL",4,2016,"Salix pulchra","Live","Leaf",10,9,NA,1,5.5,"","","109"
"25663","QHI","HE","CTL",4,2016,"Salix pulchra","Live","Leaf",1,10,NA,1,6.4,"","","110"
"25683","QHI","HE","CTL",4,2016,"Salix pulchra","Live","Leaf",6,10,NA,3,14.6,"","","610"
"25689","QHI","HE","CTL",4,2016,"Salix pulchra","Live","Leaf",7,10,NA,2,14.7,"","","710"
"25697","QHI","HE","CTL",4,2016,"Salix pulchra","Live","Leaf",8,10,NA,3,8.2,"","","810"
"25702","QHI","HE","CTL",4,2016,"Salix pulchra","Live","Leaf",9,10,NA,2,7.4,"","","910"
"25706","QHI","HE","CTL",4,2016,"Salix pulchra","Live","Leaf",10,10,NA,2,5.5,"","","1010"
"25708","QHI","HE","CTL",5,2016,"Salix pulchra","Leaf","Live",1,1,NA,2,9,"","","11"
"25721","QHI","HE","CTL",5,2016,"Salix pulchra","Stem","Live",4,1,NA,1,1.9,"","","41"
"25729","QHI","HE","CTL",5,2016,"Salix pulchra","Leaf","Live",7,1,NA,1,7,"","","71"
"25740","QHI","HE","CTL",5,2016,"Salix pulchra","Leaf","Live",9,1,NA,2,3.9,"","","91"
"25756","QHI","HE","CTL",5,2016,"Salix pulchra","Leaf","Live",2,2,NA,1,7.4,"","","22"
"25778","QHI","HE","CTL",5,2016,"Salix pulchra","Leaf","Live",8,2,NA,1,4.6,"","","82"
"25788","QHI","HE","CTL",5,2016,"Salix pulchra","Leaf","Live",10,2,NA,2,10.6,"","","102"
"25816","QHI","HE","CTL",5,2016,"Salix pulchra","Leaf","Live",7,3,NA,1,16.2,"","","73"
"25819","QHI","HE","CTL",5,2016,"Salix pulchra","Leaf","Live",8,3,NA,1,8,"","","83"
"25827","QHI","HE","CTL",5,2016,"Salix pulchra","Leaf","Live",10,3,NA,2,11.1,"","","103"
"25830","QHI","HE","CTL",5,2016,"Salix pulchra","Leaf","Live",1,4,NA,1,6.4,"","","14"
"25834","QHI","HE","CTL",5,2016,"Salix pulchra","Leaf","Live",2,4,NA,1,5.6,"","","24"
"25837","QHI","HE","CTL",5,2016,"Salix pulchra","Leaf","Live",3,4,NA,1,13.9,"","","34"
"25848","QHI","HE","CTL",5,2016,"Salix pulchra","Leaf","Live",6,4,NA,3,11.5,"","","64"
"25855","QHI","HE","CTL",5,2016,"Salix pulchra","Leaf","Live",8,4,NA,2,25.5,"","","84"
"25866","QHI","HE","CTL",5,2016,"Salix pulchra","Stem","Live",10,4,NA,1,3.1,"","","104"
"25871","QHI","HE","CTL",5,2016,"Salix pulchra","Leaf","Live",1,5,NA,1,14.6,"","","15"
"25878","QHI","HE","CTL",5,2016,"Salix pulchra","Leaf","Live",2,5,NA,1,4.2,"","","25"
"25881","QHI","HE","CTL",5,2016,"Salix pulchra","Leaf","Live",3,5,NA,1,7.5,"","","35"
"25894","QHI","HE","CTL",5,2016,"Salix pulchra","Leaf","Live",6,5,NA,1,12,"","","65"
"25912","QHI","HE","CTL",5,2016,"Salix pulchra","Leaf","Live",1,6,NA,1,7.4,"","","16"
"25916","QHI","HE","CTL",5,2016,"Salix pulchra","Stem","Live",2,6,NA,1,2.5,"","","26"
"25921","QHI","HE","CTL",5,2016,"Salix pulchra","Leaf","Live",3,6,NA,1,4.1,"","","36"
"25929","QHI","HE","CTL",5,2016,"Salix pulchra","Leaf","Live",5,6,NA,1,4.5,"","","56"
"25954","QHI","HE","CTL",5,2016,"Salix pulchra","Leaf","Live",1,7,NA,2,5.2,"","","17"
"25958","QHI","HE","CTL",5,2016,"Salix pulchra","Stem","Live",2,7,NA,1,6.4,"","","27"
"25975","QHI","HE","CTL",5,2016,"Salix pulchra","Leaf","Live",6,7,NA,4,4.1,"","","67"
"25995","QHI","HE","CTL",5,2016,"Salix pulchra","Leaf","Live",1,8,NA,2,6.1,"","","18"
"26004","QHI","HE","CTL",5,2016,"Salix pulchra","Leaf","Live",3,8,NA,1,4.6,"","","38"
"26030","QHI","HE","CTL",5,2016,"Salix pulchra","Leaf","Live",8,8,NA,1,5,"","","88"
"26072","QHI","HE","CTL",5,2016,"Salix pulchra","Leaf","Live",8,9,NA,1,11.8,"","","89"
"26097","QHI","HE","CTL",5,2016,"Salix pulchra","Stem","Live",4,10,NA,1,5,"","","410"
"26112","QHI","HE","CTL",5,2016,"Salix pulchra","Leaf","Live",7,10,NA,1,7.5,"","","710"
"26116","QHI","HE","CTL",5,2016,"Salix pulchra","Leaf","Live",8,10,NA,1,12.4,"","","810"
"26142","QHI","HE","CTL",6,2016,"Salix pulchra","Live","Leaf",4,1,NA,1,17.5,"","","41"
"26148","QHI","HE","CTL",6,2016,"Salix pulchra","Live","Leaf",5,1,NA,1,8.9,"","","51"
"26151","QHI","HE","CTL",6,2016,"Salix pulchra","Live","Leaf",6,1,NA,2,16.7,"","","61"
"26164","QHI","HE","CTL",6,2016,"Salix pulchra","Live","Leaf",8,1,NA,1,15.9,"","","81"
"26175","QHI","HE","CTL",6,2016,"Salix pulchra","Live","Leaf",10,1,NA,2,11.2,"","","101"
"26184","QHI","HE","CTL",6,2016,"Salix pulchra","Live","Leaf",2,2,NA,2,13.9,"","","22"
"26191","QHI","HE","CTL",6,2016,"Salix pulchra","Live","Leaf",3,2,NA,1,13.3,"","","32"
"26197","QHI","HE","CTL",6,2016,"Salix pulchra","Live","Leaf",4,2,NA,1,15.8,"","","42"
"26200","QHI","HE","CTL",6,2016,"Salix pulchra","Live","Leaf",5,2,NA,2,13,"","","52"
"26204","QHI","HE","CTL",6,2016,"Salix pulchra","Live","Leaf",6,2,NA,1,22.1,"","","62"
"26212","QHI","HE","CTL",6,2016,"Salix pulchra","Live","Leaf",7,2,NA,1,15.5,"","","72"
"26229","QHI","HE","CTL",6,2016,"Salix pulchra","Live","Leaf",10,2,NA,1,14.1,"","","102"
"26266","QHI","HE","CTL",6,2016,"Salix pulchra","Live","Leaf",9,3,NA,1,14,"","","93"
"26302","QHI","HE","CTL",6,2016,"Salix pulchra","Live","Leaf",6,4,NA,1,15.2,"","","64"
"26308","QHI","HE","CTL",6,2016,"Salix pulchra","Live","Leaf",7,4,NA,1,7.7,"","","74"
"26318","QHI","HE","CTL",6,2016,"Salix pulchra","Live","Leaf",9,4,NA,2,17.9,"","","94"
"26363","QHI","HE","CTL",6,2016,"Salix pulchra","Live","Leaf",8,5,NA,2,11.7,"","","85"
"26395","QHI","HE","CTL",6,2016,"Salix pulchra","Live","Leaf",4,6,NA,3,15.5,"","","46"
"26402","QHI","HE","CTL",6,2016,"Salix pulchra","Live","Leaf",6,6,NA,1,12.6,"","","66"
"26406","QHI","HE","CTL",6,2016,"Salix pulchra","Live","Leaf",7,6,NA,2,10.5,"","","76"
"26418","QHI","HE","CTL",6,2016,"Salix pulchra","Live","Leaf",10,6,NA,1,10.8,"","","106"
"26422","QHI","HE","CTL",6,2016,"Salix pulchra","Live","Leaf",1,7,NA,1,15.6,"","","17"
"26430","QHI","HE","CTL",6,2016,"Salix pulchra","Live","Leaf",3,7,NA,1,6.5,"","","37"
"26433","QHI","HE","CTL",6,2016,"Salix pulchra","Live","Leaf",4,7,NA,1,22.1,"","","47"
"26440","QHI","HE","CTL",6,2016,"Salix pulchra","Live","Leaf",5,7,NA,1,25.2,"","","57"
"26449","QHI","HE","CTL",6,2016,"Salix pulchra","Live","Leaf",7,7,NA,4,27.3,"","","77"
"26462","QHI","HE","CTL",6,2016,"Salix pulchra","Live","Leaf",10,7,NA,1,12.3,"","","107"
"26468","QHI","HE","CTL",6,2016,"Salix pulchra","Live","Leaf",2,8,NA,1,18.1,"","","28"
"26473","QHI","HE","CTL",6,2016,"Salix pulchra","Live","Leaf",3,8,NA,1,17.8,"","","38"
"26479","QHI","HE","CTL",6,2016,"Salix pulchra","Live","Leaf",4,8,NA,3,21.5,"","","48"
"26487","QHI","HE","CTL",6,2016,"Salix pulchra","Live","Leaf",5,8,NA,2,22,"","","58"
"26493","QHI","HE","CTL",6,2016,"Salix pulchra","Live","Leaf",6,8,NA,2,22.2,"","","68"
"26500","QHI","HE","CTL",6,2016,"Salix pulchra","Live","Leaf",7,8,NA,1,13.2,"","","78"
"26503","QHI","HE","CTL",6,2016,"Salix pulchra","Live","Leaf",8,8,NA,2,25.1,"","","88"
"26521","QHI","HE","CTL",6,2016,"Salix pulchra","Live","Leaf",2,9,NA,2,21.4,"","","29"
"26527","QHI","HE","CTL",6,2016,"Salix pulchra","Live","Stem",3,9,NA,1,18.8,"","","39"
"26532","QHI","HE","CTL",6,2016,"Salix pulchra","Live","Leaf",4,9,NA,3,19.5,"","","49"
"26542","QHI","HE","CTL",6,2016,"Salix pulchra","Live","Leaf",5,9,NA,1,16.7,"","","59"
"26546","QHI","HE","CTL",6,2016,"Salix pulchra","Live","Stem",6,9,NA,1,8.1,"","","69"
"26554","QHI","HE","CTL",6,2016,"Salix pulchra","Live","Leaf",8,9,NA,2,25.8,"","","89"
"26559","QHI","HE","CTL",6,2016,"Salix pulchra","Live","Stem",9,9,NA,2,19.6,"","","99"
"26563","QHI","HE","CTL",6,2016,"Salix pulchra","Live","Leaf",10,9,NA,1,12.9,"","","109"
"26576","QHI","HE","CTL",6,2016,"Salix pulchra","Live","Leaf",3,10,NA,1,19.3,"","","310"
"26586","QHI","HE","CTL",6,2016,"Salix pulchra","Live","Stem",4,10,NA,2,14.1,"","","410"
"26604","QHI","HE","CTL",6,2016,"Salix pulchra","Live","Leaf",9,10,NA,1,14.9,"","","910"
"28446","QHI","HE","CTL",1,2017,"Salix pulchra","Live","Leaf",4,1,NA,1,5.5,"","","41"
"28456","QHI","HE","CTL",1,2017,"Salix pulchra","Live","Leaf",7,1,NA,1,8,"","","71"
"28461","QHI","HE","CTL",1,2017,"Salix pulchra","Live","Leaf",8,1,NA,1,8.5,"","","81"
"28463","QHI","HE","CTL",1,2017,"Salix pulchra","Live","Leaf",9,1,NA,2,16,"","","91"
"28467","QHI","HE","CTL",1,2017,"Salix pulchra","Live","Leaf",10,1,NA,2,11.8,"","","101"
"28498","QHI","HE","CTL",1,2017,"Salix pulchra","Live","Leaf",9,2,NA,1,12.1,"","","92"
"28501","QHI","HE","CTL",1,2017,"Salix pulchra","Live","Leaf",10,2,NA,2,19.5,"","","102"
"28510","QHI","HE","CTL",1,2017,"Salix pulchra","Live","Leaf",3,3,NA,1,2.7,"","","33"
"28533","QHI","HE","CTL",1,2017,"Salix pulchra","Standing dead","Leaf",10,3,NA,3,13,"","","103"
"28540","QHI","HE","CTL",1,2017,"Salix pulchra","Live","Leaf",1,4,NA,2,15,"","","14"
"28546","QHI","HE","CTL",1,2017,"Salix pulchra","Live","Leaf",2,4,NA,2,6.5,"","","24"
"28550","QHI","HE","CTL",1,2017,"Salix pulchra","Live","Leaf",3,4,NA,1,6.8,"","","34"
"28552","QHI","HE","CTL",1,2017,"Salix pulchra","Live","Leaf",4,4,NA,1,9.9,"","","44"
"28561","QHI","HE","CTL",1,2017,"Salix pulchra","Live","Flower",7,4,NA,1,14.8,"","","74"
"28573","QHI","HE","CTL",1,2017,"Salix pulchra","Live","Leaf",10,4,NA,1,12.3,"","","104"
"28586","QHI","HE","CTL",1,2017,"Salix pulchra","Live","Leaf",2,5,NA,1,13.6,"","","25"
"28597","QHI","HE","CTL",1,2017,"Salix pulchra","Live","Stem",5,5,NA,1,9.8,"","","55"
"28601","QHI","HE","CTL",1,2017,"Salix pulchra","Live","Leaf",6,5,NA,1,18.1,"","","65"
"28609","QHI","HE","CTL",1,2017,"Salix pulchra","Live","Leaf",8,5,NA,2,15.5,"","","85"
"28618","QHI","HE","CTL",1,2017,"Salix pulchra","Live","Leaf",10,5,NA,1,3.8,"","","105"
"28631","QHI","HE","CTL",1,2017,"Salix pulchra","Live","Stem",4,6,NA,1,12.5,"","","46"
"28635","QHI","HE","CTL",1,2017,"Salix pulchra","Live","Leaf",5,6,NA,1,10.5,"","","56"
"28641","QHI","HE","CTL",1,2017,"Salix pulchra","Live","Leaf",7,6,NA,1,14.8,"","","76"
"28643","QHI","HE","CTL",1,2017,"Salix pulchra","Live","Leaf",8,6,NA,2,16.5,"","","86"
"28646","QHI","HE","CTL",1,2017,"Salix pulchra","Live","Leaf",9,6,NA,3,18.9,"","","96"
"28651","QHI","HE","CTL",1,2017,"Salix pulchra","Live","Leaf",10,6,NA,1,7.8,"","","106"
"28675","QHI","HE","CTL",1,2017,"Salix pulchra","Live","Leaf",8,7,NA,3,10.5,"","","87"
"28678","QHI","HE","CTL",1,2017,"Salix pulchra","Live","Leaf",9,7,NA,2,23.3,"","","97"
"28720","QHI","HE","CTL",1,2017,"Salix pulchra","Live","Leaf",9,8,NA,3,15.9,"","","98"
"28724","QHI","HE","CTL",1,2017,"Salix pulchra","Live","Leaf",10,8,NA,1,16,"","","108"
"28761","QHI","HE","CTL",1,2017,"Salix pulchra","Live","Leaf",9,9,NA,1,13.3,"","","99"
"28801","QHI","HE","CTL",1,2017,"Salix pulchra","Live","Leaf",8,10,NA,2,12.5,"","","810"
"28805","QHI","HE","CTL",1,2017,"Salix pulchra","Live","Leaf",9,10,NA,2,16.9,"","","910"
"28813","QHI","HE","CTL",1,2017,"Salix pulchra","Standing dead","Leaf",10,10,NA,1,7,"","","1010"
"28832","QHI","HE","CTL",2,2017,"Salix pulchra","Live","Leaf",4,1,NA,2,5.9,"","","41"
"28835","QHI","HE","CTL",2,2017,"Salix pulchra","Live","Leaf",5,1,NA,2,3.4,"","","51"
"28855","QHI","HE","CTL",2,2017,"Salix pulchra","Live","Leaf",9,1,NA,1,7.9,"","","91"
"28861","QHI","HE","CTL",2,2017,"Salix pulchra","Standing dead","Stem",10,1,NA,1,6.5,"","","101"
"28867","QHI","HE","CTL",2,2017,"Salix pulchra","Live","Leaf",1,2,NA,2,9.7,"","","12"
"28890","QHI","HE","CTL",2,2017,"Salix pulchra","Live","Leaf",6,2,NA,1,3.4,"","","62"
"28901","QHI","HE","CTL",2,2017,"Salix pulchra","Live","Leaf",9,2,NA,3,5.2,"","","92"
"28911","QHI","HE","CTL",2,2017,"Salix pulchra","Live","Leaf",2,3,NA,1,7.9,"","","23"
"28917","QHI","HE","CTL",2,2017,"Salix pulchra","Live","Leaf",4,3,NA,1,4.7,"","","43"
"28949","QHI","HE","CTL",2,2017,"Salix pulchra","Live","Leaf",2,4,NA,1,14.5,"","","24"
"28953","QHI","HE","CTL",2,2017,"Salix pulchra","Live","Leaf",3,4,NA,2,7.7,"","","34"
"28956","QHI","HE","CTL",2,2017,"Salix pulchra","Live","Leaf",4,4,NA,2,9.1,"","","44"
"28980","QHI","HE","CTL",2,2017,"Salix pulchra","Live","Stem",1,5,NA,1,4.9,"","","15"
"28987","QHI","HE","CTL",2,2017,"Salix pulchra","Live","Leaf",3,5,NA,1,11.1,"","","35"
"29018","QHI","HE","CTL",2,2017,"Salix pulchra","Live","Leaf",2,6,NA,1,20.5,"","","26"
"29021","QHI","HE","CTL",2,2017,"Salix pulchra","Live","Leaf",3,6,NA,1,10.8,"","","36"
"29056","QHI","HE","CTL",2,2017,"Salix pulchra","Live","Stem",3,7,NA,1,4.7,"","","37"
"29058","QHI","HE","CTL",2,2017,"Salix pulchra","Live","Leaf",4,7,NA,2,8.4,"","","47"
"29062","QHI","HE","CTL",2,2017,"Salix pulchra","Live","Leaf",5,7,NA,2,9.7,"","","57"
"29079","QHI","HE","CTL",2,2017,"Salix pulchra","Live","Leaf",10,7,NA,1,7.6,"","","107"
"29084","QHI","HE","CTL",2,2017,"Salix pulchra","Live","Leaf",1,8,NA,2,14.2,"","","18"
"29093","QHI","HE","CTL",2,2017,"Salix pulchra","Live","Leaf",3,8,NA,1,14.9,"","","38"
"29096","QHI","HE","CTL",2,2017,"Salix pulchra","Live","Leaf",4,8,NA,1,11.6,"","","48"
"29099","QHI","HE","CTL",2,2017,"Salix pulchra","Live","Leaf",5,8,NA,2,14.7,"","","58"
"29116","QHI","HE","CTL",2,2017,"Salix pulchra","Live","Leaf",9,8,NA,2,18.4,"","","98"
"29123","QHI","HE","CTL",2,2017,"Salix pulchra","Live","Leaf",1,9,NA,4,19.9,"","","19"
"29128","QHI","HE","CTL",2,2017,"Salix pulchra","Live","Leaf",2,9,NA,2,16.6,"","","29"
"29130","QHI","HE","CTL",2,2017,"Salix pulchra","Live","Leaf",3,9,NA,3,18.9,"","","39"
"29155","QHI","HE","CTL",2,2017,"Salix pulchra","Live","Leaf",10,9,NA,1,7.9,"","","109"
"29160","QHI","HE","CTL",2,2017,"Salix pulchra","Live","Leaf",1,10,NA,1,12.2,"","","110"
"29164","QHI","HE","CTL",2,2017,"Salix pulchra","Live","Stem",2,10,NA,2,7.2,"","","210"
"29175","QHI","HE","CTL",2,2017,"Salix pulchra","Live","Leaf",5,10,NA,1,10.1,"","","510"
"29185","QHI","HE","CTL",2,2017,"Salix pulchra","Live","Stem",7,10,NA,1,14.2,"","","710"
"29189","QHI","HE","CTL",2,2017,"Salix pulchra","Live","Leaf",8,10,NA,1,16.5,"","","810"
"29212","QHI","HE","CTL",3,2017,"Salix pulchra","Live","Leaf",3,1,NA,2,14.1,"","","31"
"29229","QHI","HE","CTL",3,2017,"Salix pulchra","Live","Leaf",8,1,NA,1,11.2,"","","81"
"29270","QHI","HE","CTL",3,2017,"Salix pulchra","Live","Stem",8,2,NA,1,12.4,"","","82"
"29308","QHI","HE","CTL",3,2017,"Salix pulchra","Live","Leaf",9,3,NA,2,19.4,"","","93"
"29316","QHI","HE","CTL",3,2017,"Salix pulchra","Live","Leaf",10,3,NA,2,14.6,"","","103"
"29341","QHI","HE","CTL",3,2017,"Salix pulchra","Live","Leaf",7,4,NA,1,22.1,"","","74"
"29389","QHI","HE","CTL",3,2017,"Salix pulchra","Live","Leaf",10,5,NA,2,8.9,"","","105"
"29415","QHI","HE","CTL",3,2017,"Salix pulchra","Live","Stem",6,6,NA,2,14.7,"","","66"
"29448","QHI","HE","CTL",3,2017,"Salix pulchra","Live","Leaf",6,7,NA,1,17.3,"","","67"
"29454","QHI","HE","CTL",3,2017,"Salix pulchra","Live","Leaf",8,7,NA,2,10.4,"","","87"
"29461","QHI","HE","CTL",3,2017,"Salix pulchra","Live","Leaf",10,7,NA,1,14.4,"","","107"
"29487","QHI","HE","CTL",3,2017,"Salix pulchra","Live","Stem",7,8,NA,1,8,"","","78"
"29497","QHI","HE","CTL",3,2017,"Salix pulchra","Live","Leaf",9,8,NA,1,4.4,"","","98"
"29528","QHI","HE","CTL",3,2017,"Salix pulchra","Live","Stem",7,9,NA,2,9.6,"","","79"
"29532","QHI","HE","CTL",3,2017,"Salix pulchra","Live","Leaf",8,9,NA,2,7.2,"","","89"
"29536","QHI","HE","CTL",3,2017,"Salix pulchra","Live","Leaf",9,9,NA,3,8.1,"","","99"
"29542","QHI","HE","CTL",3,2017,"Salix pulchra","Live","Leaf",10,9,NA,2,7.9,"","","109"
"29565","QHI","HE","CTL",3,2017,"Salix pulchra","Live","Stem",7,10,NA,1,2.6,"","","710"
"29569","QHI","HE","CTL",3,2017,"Salix pulchra","Live","Leaf",8,10,NA,2,3.8,"","","810"
"29574","QHI","HE","CTL",3,2017,"Salix pulchra","Live","Stem",9,10,NA,1,9.7,"","","910"
"29586","QHI","HE","CTL",4,2017,"Salix pulchra","Live","Stem",2,1,NA,1,7.5,"","","21"
"29592","QHI","HE","CTL",4,2017,"Salix pulchra","Live","Leaf",4,1,NA,3,22.8,"","","41"
"29600","QHI","HE","CTL",4,2017,"Salix pulchra","Live","Flower",6,1,NA,1,11.8,"","","61"
"29611","QHI","HE","CTL",4,2017,"Salix pulchra","Live","Leaf",9,1,NA,1,17.2,"","","91"
"29632","QHI","HE","CTL",4,2017,"Salix pulchra","Live","Leaf",3,2,NA,1,11.4,"","","32"
"29644","QHI","HE","CTL",4,2017,"Salix pulchra","Live","Leaf",6,2,NA,1,15.5,"","","62"
"29647","QHI","HE","CTL",4,2017,"Salix pulchra","Live","Leaf",7,2,NA,1,12.9,"","","72"
"29649","QHI","HE","CTL",4,2017,"Salix pulchra","Live","Leaf",8,2,NA,1,14.5,"","","82"
"29653","QHI","HE","CTL",4,2017,"Salix pulchra","Live","Leaf",9,2,NA,1,17.9,"","","92"
"29667","QHI","HE","CTL",4,2017,"Salix pulchra","Live","Leaf",3,3,NA,3,10.4,"","","33"
"29685","QHI","HE","CTL",4,2017,"Salix pulchra","Live","Leaf",8,3,NA,2,11.6,"","","83"
"29689","QHI","HE","CTL",4,2017,"Salix pulchra","Live","Leaf",9,3,NA,1,9.1,"","","93"
"29700","QHI","HE","CTL",4,2017,"Salix pulchra","Live","Leaf",1,4,NA,4,15.6,"","","14"
"29721","QHI","HE","CTL",4,2017,"Salix pulchra","Live","Leaf",7,4,NA,1,15,"","","74"
"29724","QHI","HE","CTL",4,2017,"Salix pulchra","Standing dead","Leaf",8,4,NA,4,11.1,"","","84"
"29734","QHI","HE","CTL",4,2017,"Salix pulchra","Live","Leaf",1,5,NA,2,5.8,"","","15"
"29745","QHI","HE","CTL",4,2017,"Salix pulchra","Live","Leaf",4,5,NA,1,14.2,"","","45"
"29749","QHI","HE","CTL",4,2017,"Salix pulchra","Live","Stem",5,5,NA,1,2.5,"","","55"
"29773","QHI","HE","CTL",4,2017,"Salix pulchra","Live","Stem",10,5,NA,1,5.6,"","","105"
"29783","QHI","HE","CTL",4,2017,"Salix pulchra","Live","Stem",2,6,NA,1,6.3,"","","26"
"29787","QHI","HE","CTL",4,2017,"Salix pulchra","Live","Leaf",3,6,NA,1,8.1,"","","36"
"29801","QHI","HE","CTL",4,2017,"Salix pulchra","Live","Leaf",6,6,NA,2,4.9,"","","66"
"29815","QHI","HE","CTL",4,2017,"Salix pulchra","Live","Leaf",9,6,NA,1,8.4,"","","96"
"29819","QHI","HE","CTL",4,2017,"Salix pulchra","Live","Leaf",1,7,NA,2,11.7,"","","17"
"29826","QHI","HE","CTL",4,2017,"Salix pulchra","Live","Leaf",2,7,NA,3,9.1,"","","27"
"29834","QHI","HE","CTL",4,2017,"Salix pulchra","Standing dead","Stem",4,7,NA,1,3.9,"","","47"
"29841","QHI","HE","CTL",4,2017,"Salix pulchra","Live","Leaf",6,7,NA,2,8.1,"","","67"
"29850","QHI","HE","CTL",4,2017,"Salix pulchra","Live","Leaf",7,7,NA,1,5.9,"","","77"
"29854","QHI","HE","CTL",4,2017,"Salix pulchra","Live","Leaf",8,7,NA,2,6.7,"","","87"
"29877","QHI","HE","CTL",4,2017,"Salix pulchra","Live","Leaf",5,8,NA,1,6.3,"","","58"
"29905","QHI","HE","CTL",4,2017,"Salix pulchra","Live","Leaf",1,9,NA,1,9.1,"","","19"
"29909","QHI","HE","CTL",4,2017,"Salix pulchra","Live","Leaf",2,9,NA,1,8.7,"","","29"
"29917","QHI","HE","CTL",4,2017,"Salix pulchra","Live","Stem",4,9,NA,1,5.7,"","","49"
"29921","QHI","HE","CTL",4,2017,"Salix pulchra","Live","Leaf",5,9,NA,1,6.6,"","","59"
"29944","QHI","HE","CTL",4,2017,"Salix pulchra","Live","Stem",1,10,NA,1,7.9,"","","110"
"29949","QHI","HE","CTL",4,2017,"Salix pulchra","Live","Leaf",3,10,NA,1,14.9,"","","310"
"29955","QHI","HE","CTL",4,2017,"Salix pulchra","Live","Leaf",4,10,NA,1,12.9,"","","410"
"29979","QHI","HE","CTL",5,2017,"Salix pulchra","Live","Leaf",1,1,NA,1,13.8,"","","11"
"29982","QHI","HE","CTL",5,2017,"Salix pulchra","Live","Leaf",2,1,NA,1,7.3,"","","21"
"29992","QHI","HE","CTL",5,2017,"Salix pulchra","Live","Leaf",5,1,NA,1,3.7,"","","51"
"30010","QHI","HE","CTL",5,2017,"Salix pulchra","Live","Leaf",1,2,NA,1,21,"","","12"
"30011","QHI","HE","CTL",5,2017,"Salix pulchra","Live","Stem",1,2,NA,1,10.1,"","","12"
"30017","QHI","HE","CTL",5,2017,"Salix pulchra","Live","Leaf",2,2,NA,3,13.8,"","","22"
"30045","QHI","HE","CTL",5,2017,"Salix pulchra","Live","Leaf",9,2,NA,1,5.1,"","","92"
"30057","QHI","HE","CTL",5,2017,"Salix pulchra","Live","Leaf",1,3,NA,1,9.8,"","","13"
"30068","QHI","HE","CTL",5,2017,"Salix pulchra","Live","Leaf",4,3,NA,1,11.2,"","","43"
"30080","QHI","HE","CTL",5,2017,"Salix pulchra","Live","Leaf",8,3,NA,1,8,"","","83"
"30085","QHI","HE","CTL",5,2017,"Salix pulchra","Live","Leaf",9,3,NA,1,6.7,"","","93"
"30101","QHI","HE","CTL",5,2017,"Salix pulchra","Live","Leaf",3,4,NA,2,13.3,"","","34"
"30104","QHI","HE","CTL",5,2017,"Salix pulchra","Live","Leaf",4,4,NA,3,10.8,"","","44"
"30107","QHI","HE","CTL",5,2017,"Salix pulchra","Live","Leaf",5,4,NA,1,8,"","","54"
"30123","QHI","HE","CTL",5,2017,"Salix pulchra","Live","Leaf",9,4,NA,1,5.1,"","","94"
"30126","QHI","HE","CTL",5,2017,"Salix pulchra","Live","Leaf",10,4,NA,2,4.3,"","","104"
"30141","QHI","HE","CTL",5,2017,"Salix pulchra","Live","Leaf",5,5,NA,1,12.1,"","","55"
"30147","QHI","HE","CTL",5,2017,"Salix pulchra","Live","Leaf",8,5,NA,4,11.9,"","","85"
"30157","QHI","HE","CTL",5,2017,"Salix pulchra","Live","Leaf",10,5,NA,1,4.3,"","","105"
"30173","QHI","HE","CTL",5,2017,"Salix pulchra","Live","Leaf",5,6,NA,1,9,"","","56"
"30175","QHI","HE","CTL",5,2017,"Salix pulchra","Live","Leaf",6,6,NA,1,6.6,"","","66"
"30188","QHI","HE","CTL",5,2017,"Salix pulchra","Live","Leaf",10,6,NA,2,9,"","","106"
"30208","QHI","HE","CTL",5,2017,"Salix pulchra","Live","Stem",5,7,NA,1,9.1,"","","57"
"30225","QHI","HE","CTL",5,2017,"Salix pulchra","Live","Leaf",10,7,NA,1,4.7,"","","107"
"30260","QHI","HE","CTL",5,2017,"Salix pulchra","Live","Leaf",10,8,NA,1,9.2,"","","108"
"30268","QHI","HE","CTL",5,2017,"Salix pulchra","Live","Leaf",2,9,NA,2,8.4,"","","29"
"30272","QHI","HE","CTL",5,2017,"Salix pulchra","Live","Stem",3,9,NA,1,3.9,"","","39"
"30301","QHI","HE","CTL",5,2017,"Salix pulchra","Live","Leaf",10,9,NA,1,6.1,"","","109"
"30318","QHI","HE","CTL",5,2017,"Salix pulchra","Live","Leaf",4,10,NA,3,9.8,"","","410"
"30330","QHI","HE","CTL",5,2017,"Salix pulchra","Live","Stem",6,10,NA,1,7.4,"","","610"
"30346","QHI","HE","CTL",6,2017,"Salix pulchra","Live","Leaf",1,1,NA,2,12.9,"","","11"
"30350","QHI","HE","CTL",6,2017,"Salix pulchra","Live","Leaf",2,1,NA,1,6.2,"","","21"
"30354","QHI","HE","CTL",6,2017,"Salix pulchra","Live","Leaf",3,1,NA,1,16.7,"","","31"
"30360","QHI","HE","CTL",6,2017,"Salix pulchra","Live","Leaf",4,1,NA,2,18.7,"","","41"
"30366","QHI","HE","CTL",6,2017,"Salix pulchra","Live","Leaf",5,1,NA,1,12.2,"","","51"
"30373","QHI","HE","CTL",6,2017,"Salix pulchra","Live","Leaf",7,1,NA,2,10.9,"","","71"
"30380","QHI","HE","CTL",6,2017,"Salix pulchra","Live","Leaf",8,1,NA,2,9.2,"","","81"
"30384","QHI","HE","CTL",6,2017,"Salix pulchra","Live","Leaf",9,1,NA,1,10.3,"","","91"
"30399","QHI","HE","CTL",6,2017,"Salix pulchra","Live","Leaf",3,2,NA,1,12.7,"","","32"
"30408","QHI","HE","CTL",6,2017,"Salix pulchra","Live","Leaf",5,2,NA,1,9.9,"","","52"
"30413","QHI","HE","CTL",6,2017,"Salix pulchra","Live","Leaf",6,2,NA,1,17.9,"","","62"
"30456","QHI","HE","CTL",6,2017,"Salix pulchra","Live","Leaf",8,3,NA,1,10.2,"","","83"
"30460","QHI","HE","CTL",6,2017,"Salix pulchra","Live","Leaf",9,3,NA,3,17.3,"","","93"
"30466","QHI","HE","CTL",6,2017,"Salix pulchra","Live","Leaf",10,3,NA,1,5.7,"","","103"
"30494","QHI","HE","CTL",6,2017,"Salix pulchra","Live","Leaf",7,4,NA,1,7.5,"","","74"
"30498","QHI","HE","CTL",6,2017,"Salix pulchra","Live","Leaf",8,4,NA,1,11.3,"","","84"
"30505","QHI","HE","CTL",6,2017,"Salix pulchra","Live","Leaf",10,4,NA,1,5.3,"","","104"
"30522","QHI","HE","CTL",6,2017,"Salix pulchra","Live","Leaf",5,5,NA,1,7.5,"","","55"
"30545","QHI","HE","CTL",6,2017,"Salix pulchra","Live","Leaf",1,6,NA,2,7.2,"","","16"
"30553","QHI","HE","CTL",6,2017,"Salix pulchra","Live","Leaf",4,6,NA,1,14.8,"","","46"
"30561","QHI","HE","CTL",6,2017,"Salix pulchra","Live","Leaf",6,6,NA,1,17.2,"","","66"
"30564","QHI","HE","CTL",6,2017,"Salix pulchra","Live","Stem",7,6,NA,1,9.5,"","","76"
"30584","QHI","HE","CTL",6,2017,"Salix pulchra","Live","Leaf",3,7,NA,1,13.6,"","","37"
"30591","QHI","HE","CTL",6,2017,"Salix pulchra","Live","Leaf",5,7,NA,2,13.1,"","","57"
"30596","QHI","HE","CTL",6,2017,"Salix pulchra","Live","Leaf",6,7,NA,1,11.6,"","","67"
"30601","QHI","HE","CTL",6,2017,"Salix pulchra","Live","Stem",7,7,NA,1,7.5,"","","77"
"30604","QHI","HE","CTL",6,2017,"Salix pulchra","Live","Leaf",8,7,NA,1,12.5,"","","87"
"30610","QHI","HE","CTL",6,2017,"Salix pulchra","Standing dead","Stem",10,7,NA,1,5.3,"","","107"
"30615","QHI","HE","CTL",6,2017,"Salix pulchra","Live","Leaf",2,8,NA,1,9.8,"","","28"
"30618","QHI","HE","CTL",6,2017,"Salix pulchra","Live","Leaf",3,8,NA,5,19.6,"","","38"
"30625","QHI","HE","CTL",6,2017,"Salix pulchra","Live","Leaf",4,8,NA,1,15.7,"","","48"
"30630","QHI","HE","CTL",6,2017,"Salix pulchra","Live","Stem",5,8,NA,1,12.6,"","","58"
"30640","QHI","HE","CTL",6,2017,"Salix pulchra","Live","Leaf",8,8,NA,3,14.5,"","","88"
"30659","QHI","HE","CTL",6,2017,"Salix pulchra","Live","Leaf",3,9,NA,1,7.2,"","","39"
"30673","QHI","HE","CTL",6,2017,"Salix pulchra","Live","Leaf",7,9,NA,2,5.9,"","","79"
"30690","QHI","HE","CTL",6,2017,"Salix pulchra","Live","Leaf",2,10,NA,2,20.9,"","","210"
"30705","QHI","HE","CTL",6,2017,"Salix pulchra","Live","Leaf",7,10,NA,1,14.8,"","","710"
"30713","QHI","HE","CTL",6,2017,"Salix pulchra","Live","Leaf",9,10,NA,1,6.8,"","","910"
