"","X.2","X.1","X","Bed","SampleID","Year_planted","Species","Site","Sample_Date","Month","Day","Year","max_canopy_height_cm","Width_cm","Width_2_cm","Stem_diameter","Length_1_mm","Length_2_mm","Length_3_mm","Stem_Elongation_1_mm","Stem_Elongation_2_mm","Stem_Elongation_3_mm","SampleID_standard","biovolume","Sample_age","mean_stem_elong","mean_leaf_length","mean_width","population"
"1",2657,1990,1990,"JB","H15Sa10",2015,"Salix arctica","Qikiqtaruk","2021-08-11",8,11,2021,4.6,26.2,28.2,10,22,29,30,7,10,14,"H15SA10",3398.664,6,10.3333333333333,27,27.2,"Northern"
"2",2658,1991,1991,"JB","H15Sa11",2015,"Salix arctica","Qikiqtaruk","2021-08-11",8,11,2021,3.5,3.1,3.2,10,20,17,13,6,7,8,"H15SA11",34.72,6,7,16.6666666666667,3.15,"Northern"
"3",1340,1340,1340,"JB","H15Sa12",2015,"Salix arctica","Qikiqtaruk","2019-08-23",8,23,2019,5,NA,NA,NA,39.37,31.84,27.5,6.58,7.92,11.26,"H15SA12",NA,4,8.58666666666667,32.9033333333333,NA,"Northern"
"4",787,787,787,"JB","H15Sa14",2015,"Salix arctica","Qikiqtaruk","2018-08-18",8,18,2018,4.1,NA,NA,NA,22.02,19.37,18.8,4.67,4.29,3.29,"H15SA14",NA,3,4.08333333333333,20.0633333333333,NA,"Northern"
"5",3160,3160,3160,"JB","H15Sa15",2015,"Salix arctica","Qikiqtaruk","2022-08-16",8,17,2022,2,9.5,6,9,23,24,16,19,22,8,"H15SA15",114,7,16.3333333333333,21,7.75,"Northern"
"6",2662,1995,1995,"JB","H15Sa18",2015,"Salix arctica","Qikiqtaruk","2021-08-11",8,11,2021,5.2,7.1,5.6,6,16,14,8,11,4,11,"H15SA18",206.752,6,8.66666666666667,12.6666666666667,6.35,"Northern"
"7",3153,3153,3153,"JB","H15Sa19",2015,"Salix arctica","Qikiqtaruk","2022-08-16",8,17,2022,4.5,19,17,11,26,30,24,27,31,39,"H15SA19",1453.5,7,32.3333333333333,26.6666666666667,18,"Northern"
"8",792,792,792,"JB","H15Sa20",2015,"Salix arctica","Qikiqtaruk","2018-08-18",8,18,2018,5.8,NA,NA,NA,17.3,19.6,24.61,4.59,5.23,3.03,"H15SA20",NA,3,4.28333333333333,20.5033333333333,NA,"Northern"
"9",3141,3141,3141,"JB","H15Sa3",2015,"Salix arctica","Qikiqtaruk","2022-08-16",8,17,2022,4.5,16,19,8,25,19,52,12,5,25,"H15SA3",1368,7,14,32,17.5,"Northern"
"10",269,269,269,"JB","H15Sa4",2015,"Salix arctica","Qikiqtaruk","2017-08-14",8,14,2017,0.3,NA,NA,NA,NA,NA,NA,NA,NA,NA,"H15SA4",NA,2,NA,NA,NA,"Northern"
"11",270,270,270,"JB","H15Sa5",2015,"Salix arctica","Qikiqtaruk","2017-08-14",8,14,2017,0.7,NA,NA,NA,NA,NA,NA,4,NA,NA,"H15SA5",NA,2,NA,NA,NA,"Northern"
"12",1352,1352,1352,"JB","H15Sa7",2015,"Salix arctica","Qikiqtaruk","2019-08-23",8,23,2019,5.6,NA,NA,NA,27.56,23.68,27.31,20.97,22.2,21.62,"H15SA7",NA,4,21.5966666666667,26.1833333333333,NA,"Northern"
"13",2667,2000,2000,"JB","H15Sa9",2015,"Salix arctica","Qikiqtaruk","2021-08-11",8,11,2021,2.2,14.1,7.2,10,33,NA,NA,11,24,22,"H15SA9",223.344,6,19,NA,10.65,"Northern"
"14",800,800,800,"IMS","H15Sp1",2015,"Salix pulchra","Qikiqtaruk","2018-08-18",8,18,2018,6.2,NA,NA,NA,19.02,13.11,16.06,4.39,7.79,4.95,"H15SP1",NA,3,5.71,16.0633333333333,NA,"Northern"
"15",2011,2269,2269,"CF","H15Sp10",2015,"Salix pulchra","Qikiqtaruk","2020-08-19",8,19,2020,7.1,13.2,7.3,13,21,22,24,19,15,11,"H15SP10",684.156,5,15,22.3333333333333,10.25,"Northern"
"16",277,277,277,"CF","H15Sp11",2015,"Salix pulchra","Qikiqtaruk","2017-08-13",8,13,2017,2.6,NA,NA,NA,NA,NA,NA,13,7,NA,"H15SP11",NA,2,NA,NA,NA,"Northern"
"17",803,803,803,"CF","H15Sp12",2015,"Salix pulchra","Qikiqtaruk","2018-08-18",8,18,2018,1.5,NA,NA,NA,7.47,6.71,4.84,1.97,1.31,1.32,"H15SP12",NA,3,1.53333333333333,6.34,NA,"Northern"
"18",64,64,64,"CF","H15Sp13",2015,"Salix pulchra","Qikiqtaruk","2016-08-11",8,11,2016,13.8,NA,NA,NA,37,42,44,53,47,10,"H15SP13",NA,1,36.6666666666667,41,NA,"Northern"
"19",65,65,65,"CF","H15Sp14",2015,"Salix pulchra","Qikiqtaruk","2016-08-11",8,11,2016,16.3,NA,NA,NA,48,19,18,19,15,NA,"H15SP14",NA,1,NA,28.3333333333333,NA,"Northern"
"20",66,66,66,"CF","H15Sp15",2015,"Salix pulchra","Qikiqtaruk","2016-08-11",8,11,2016,21.3,NA,NA,NA,31,41,40,46,30,NA,"H15SP15",NA,1,NA,37.3333333333333,NA,"Northern"
"21",67,67,67,"CF","H15Sp16",2015,"Salix pulchra","Qikiqtaruk","2016-08-11",8,11,2016,17.8,NA,NA,NA,33,32,32,16,14,6,"H15SP16",NA,1,12,32.3333333333333,NA,"Northern"
"22",68,68,68,"CF","H15Sp17",2015,"Salix pulchra","Qikiqtaruk","2016-08-11",8,11,2016,19,NA,NA,NA,27,24,16,18,15,8,"H15SP17",NA,1,13.6666666666667,22.3333333333333,NA,"Northern"
"23",809,809,809,"CF","H15Sp18",2015,"Salix pulchra","Qikiqtaruk","2018-08-18",8,18,2018,17.1,NA,NA,NA,23.04,24.84,25.72,8.13,5.09,3.54,"H15SP18",NA,3,5.58666666666667,24.5333333333333,NA,"Northern"
"24",1365,1365,1365,"CF","H15Sp19",2015,"Salix pulchra","Qikiqtaruk","2019-08-23",8,23,2019,11.1,NA,NA,NA,18.97,15.95,14.93,22.67,21.15,5.42,"H15SP19",NA,4,16.4133333333333,16.6166666666667,NA,"Northern"
"25",71,71,71,"IMS","H15Sp2",2015,"Salix pulchra","Qikiqtaruk","2016-08-11",8,11,2016,31,NA,NA,NA,17,21,14,23,22,18,"H15SP2",NA,1,21,17.3333333333333,NA,"Northern"
"26",2676,2009,2009,"CF","H15Sp20",2015,"Salix pulchra","Qikiqtaruk","2021-08-11",8,11,2021,8.7,9,5.5,10,21,NA,NA,7,6,11,"H15SP20",430.65,6,8,NA,7.25,"Northern"
"27",75,75,75,"MG","H15Sp23",2015,"Salix pulchra","Qikiqtaruk","2016-08-11",8,11,2016,9.5,NA,NA,NA,NA,NA,NA,19,16,NA,"H15SP23",NA,1,NA,NA,NA,"Northern"
"28",816,816,816,"MG","H15Sp24",2015,"Salix pulchra","Qikiqtaruk","2018-08-18",8,18,2018,11.3,NA,NA,NA,21.14,23.09,20.79,22.79,24.78,15.4,"H15SP24",NA,3,20.99,21.6733333333333,NA,"Northern"
"29",3118,3118,3118,"AB","H15Sp25",2015,"Salix pulchra","Qikiqtaruk","2022-08-16",8,17,2022,9,14,10,15,19,18,23,14,13,19,"H15SP25",1260,7,15.3333333333333,20,12,"Northern"
"30",293,293,293,"AB","H15Sp26",2015,"Salix pulchra","Qikiqtaruk","2017-08-14",8,14,2017,4.3,NA,NA,NA,NA,NA,NA,25,NA,NA,"H15SP26",NA,2,NA,NA,NA,"Northern"
"31",79,79,79,"AB","H15Sp27",2015,"Salix pulchra","Qikiqtaruk","2016-08-11",8,11,2016,19,NA,NA,NA,21,17,15,18,13,NA,"H15SP27",NA,1,NA,17.6666666666667,NA,"Northern"
"32",819,819,819,"AB","H15Sp29",2015,"Salix pulchra","Qikiqtaruk","2018-08-18",8,18,2018,9.6,NA,NA,NA,20.39,22.97,22.34,3.53,3.17,1.4,"H15SP29",NA,3,2.7,21.9,NA,"Northern"
"33",297,297,297,"IMS","H15Sp3",2015,"Salix pulchra","Qikiqtaruk","2017-08-13",8,13,2017,2.1,NA,NA,NA,NA,NA,NA,9,NA,NA,"H15SP3",NA,2,NA,NA,NA,"Northern"
"34",823,823,823,"IMS","H15Sp5",2015,"Salix pulchra","Qikiqtaruk","2018-08-18",8,18,2018,7.4,NA,NA,NA,17.14,20.69,16.68,4.83,4.29,2.75,"H15SP5",NA,3,3.95666666666667,18.17,NA,"Northern"
"35",2683,2016,2016,"IMS","H15Sp6",2015,"Salix pulchra","Qikiqtaruk","2021-08-09",8,9,2021,6.8,6,3.2,10,17,18,NA,6,10,8,"H15SP6",130.56,6,8,NA,4.6,"Northern"
"36",89,89,89,"IMS","H15Sp8",2015,"Salix pulchra","Qikiqtaruk","2016-08-11",8,11,2016,17,NA,NA,NA,30,28,21,11,9,12,"H15SP8",NA,1,10.6666666666667,26.3333333333333,NA,"Northern"
"37",90,90,90,"CF","H15Sp9",2015,"Salix pulchra","Qikiqtaruk","2016-08-11",8,11,2016,31.3,NA,NA,NA,33,36,42,27,9,NA,"H15SP9",NA,1,NA,37,NA,"Northern"
"38",307,307,307,"SW","H15Sr12",2015,"Salix richardsonii","Qikiqtaruk","2017-08-13",8,13,2017,1,NA,NA,NA,NA,NA,NA,31,15,NA,"H15SR12",NA,2,NA,NA,NA,"Northern"
"39",830,830,830,"SW","H15Sr13",2015,"Salix richardsonii","Qikiqtaruk","2018-08-18",8,18,2018,4.3,NA,NA,NA,NA,NA,NA,6.55,NA,NA,"H15SR13",NA,3,NA,NA,NA,"Northern"
"40",2686,2019,2019,"SW","H15Sr19",2015,"Salix richardsonii","Qikiqtaruk","2021-08-11",8,11,2021,7.5,12,9.4,9,18,21,19,17,21,10,"H15SR19",846,6,16,19.3333333333333,10.7,"Northern"
"41",837,837,837,"SW","H15Sr20",2015,"Salix richardsonii","Qikiqtaruk","2018-08-18",8,18,2018,9.2,NA,NA,NA,12.55,11.85,12.9,9.42,5.84,7.09,"H15SR20",NA,3,7.45,12.4333333333333,NA,"Northern"
"42",3111,3111,3111,"AC","H15Sr29",2015,"Salix richardsonii","Qikiqtaruk","2022-07-22",7,23,2022,6.4,9,6.5,5,26,20,21,11,16,20,"H15SR29",374.4,7,15.6666666666667,22.3333333333333,7.75,"Northern"
"43",110,110,110,"LB","H15Sr3",2015,"Salix richardsonii","Qikiqtaruk","2016-08-11",8,11,2016,1.7,NA,NA,NA,11,16,NA,14,NA,NA,"H15SR3",NA,1,NA,NA,NA,"Northern"
"44",2951,2951,2951,"LB","H15Sr5",2015,"Salix richardsonii","Qikiqtaruk","2022-08-16",8,17,2022,18,17,14,12,30,22,15,17,10,NA,"H15SR5",4284,7,NA,22.3333333333333,15.5,"Northern"
"45",3042,3042,3042,"JA","H17Sa10",2017,"Salix arctica","Qikiqtaruk","2022-08-16",8,17,2022,6,17.5,17,12,36,41,33,22,10,27,"H17SA10",1785,5,19.6666666666667,36.6666666666667,17.25,"Northern"
"46",1409,1409,1409,"SAB","H17Sa12",2017,"Salix arctica","Qikiqtaruk","2019-08-23",8,23,2019,4.2,NA,NA,NA,29.21,24.92,19.79,17.42,6.76,NA,"H17SA12",NA,2,NA,24.64,NA,"Northern"
"47",1411,1411,1411,"SAB","H17Sa14",2017,"Salix arctica","Qikiqtaruk","2019-08-23",8,23,2019,3.2,NA,NA,NA,24.59,NA,NA,15.3,8.92,NA,"H17SA14",NA,2,NA,NA,NA,"Northern"
"48",3104,3104,3104,"SAB","H17Sa15",2017,"Salix arctica","Qikiqtaruk","2022-08-16",8,17,2022,7,18.5,14,9,38,31,34,13,27,25,"H17SA15",1813,5,21.6666666666667,34.3333333333333,16.25,"Northern"
"49",859,859,859,"JB","H17Sa17",2017,"Salix arctica","Qikiqtaruk","2018-08-18",8,18,2018,3.4,NA,NA,NA,27.34,16.27,14.65,3.89,2.39,3.89,"H17SA17",NA,1,3.39,19.42,NA,"Northern"
"50",3158,3158,3158,"JB","H17Sa18",2017,"Salix arctica","Qikiqtaruk","2022-08-16",8,17,2022,10,47,25,16,49,32,36,40,28,26,"H17SA18",11750,5,31.3333333333333,39,36,"Northern"
"51",2695,2028,2028,"JB","H17Sa20",2017,"Salix arctica","Qikiqtaruk","2021-08-11",8,11,2021,4.1,35,30.5,14,39,36,34,22,14,12,"H17SA20",4376.75,4,16,36.3333333333333,32.75,"Northern"
"52",863,863,863,"JA","H17Sa3",2017,"Salix arctica","Qikiqtaruk","2018-08-18",8,18,2018,1.8,NA,NA,NA,22.18,11.43,NA,6.07,3.42,NA,"H17SA3",NA,1,NA,NA,NA,"Northern"
"53",2696,2029,2029,"JA","H17Sa6",2017,"Salix arctica","Qikiqtaruk","2021-08-11",8,11,2021,5.5,25,16.5,7,51,58,59,16,21,26,"H17SA6",2268.75,4,21,56,20.75,"Northern"
"54",2697,2030,2030,"JA","H17Sa8",2017,"Salix arctica","Qikiqtaruk","2021-08-11",8,11,2021,4.4,16.5,12.5,9,24,23,24,6,5,10,"H17SA8",907.5,4,7,23.6666666666667,14.5,"Northern"
"55",2698,2031,2031,"JA","H17Sa9",2017,"Salix arctica","Qikiqtaruk","2021-08-11",8,11,2021,7.8,15,20.5,6,33,35,28,6,7,5,"H17SA9",2398.5,4,6,32,17.75,"Northern"
"56",871,871,871,"AB","H17Sp10",2017,"Salix pulchra","Qikiqtaruk","2018-08-18",8,18,2018,11.8,NA,NA,NA,24.57,25.04,21.98,5.56,4.35,2.06,"H17SP10",NA,1,3.99,23.8633333333333,NA,"Northern"
"57",873,873,873,"AB","H17Sp12",2017,"Salix pulchra","Qikiqtaruk","2018-08-18",8,18,2018,5.3,NA,NA,NA,21.45,13.96,15.51,6.05,4.47,4.5,"H17SP12",NA,1,5.00666666666667,16.9733333333333,NA,"Northern"
"58",874,874,874,"AB","H17Sp13",2017,"Salix pulchra","Qikiqtaruk","2018-08-18",8,18,2018,24.6,NA,NA,NA,20.81,17.54,16.59,4.46,3.86,2.88,"H17SP13",NA,1,3.73333333333333,18.3133333333333,NA,"Northern"
"59",875,875,875,"AB","H17Sp14",2017,"Salix pulchra","Qikiqtaruk","2018-08-18",8,18,2018,23.3,NA,NA,NA,12.6,15.19,11.03,1.91,2,0.86,"H17SP14",NA,1,1.59,12.94,NA,"Northern"
"60",2087,2345,2345,"AB","H17Sp15",2017,"Salix pulchra","Qikiqtaruk","2020-08-19",8,19,2020,9,4.5,3.4,10.17,16.15,9.11,7.98,11.14,12.28,18.24,"H17SP15",137.7,3,13.8866666666667,11.08,3.95,"Northern"
"61",1434,1434,1434,"AB","H17Sp18",2017,"Salix pulchra","Qikiqtaruk","2019-08-23",8,23,2019,4.5,NA,NA,NA,20.91,20.13,17.23,11.85,19.37,18,"H17SP18",NA,2,16.4066666666667,19.4233333333333,NA,"Northern"
"62",882,882,882,"AB","H17Sp20",2017,"Salix pulchra","Qikiqtaruk","2018-08-18",8,18,2018,5.5,NA,NA,NA,28.18,21.23,15.28,1.95,7.02,0.39,"H17SP20",NA,1,3.12,21.5633333333333,NA,"Northern"
"63",2096,2354,2354,"IMS","H17Sp3",2017,"Salix pulchra","Qikiqtaruk","2020-08-19",8,19,2020,42,2.9,2.2,10,NA,NA,NA,6,10,4,"H17SP3",267.96,3,6.66666666666667,NA,2.55,"Northern"
"64",886,886,886,"IMS","H17Sp6",2017,"Salix pulchra","Qikiqtaruk","2018-08-18",8,18,2018,9.3,NA,NA,NA,33.08,34.26,29.9,2.8,2.61,2.21,"H17SP6",NA,1,2.54,32.4133333333333,NA,"Northern"
"65",2707,2040,2040,"IMS","H17Sp7",2017,"Salix pulchra","Qikiqtaruk","2021-08-09",8,9,2021,3.6,4.3,1.2,7,16,17,17,16,13,6,"H17SP7",18.576,4,11.6666666666667,16.6666666666667,2.75,"Northern"
"66",2102,2360,2360,"CF","H17Sp9",2017,"Salix pulchra","Qikiqtaruk","2020-08-19",8,19,2020,16.6,12.2,6.6,8,25,29,32,24,21,35,"H17SP9",1336.632,3,26.6666666666667,28.6666666666667,9.4,"Northern"
"67",1445,1445,1445,"LB","H17Sr1",2017,"Salix richardsonii","Qikiqtaruk","2019-08-23",8,23,2019,19.2,NA,NA,NA,NA,NA,NA,14.35,10.96,17.33,"H17SR1",NA,2,14.2133333333333,NA,NA,"Northern"
"68",2710,2043,2043,"GD","H17Sr10",2017,"Salix richardsonii","Qikiqtaruk","2021-08-09",8,9,2021,12,20,19,11,30,29,28,42,40,23,"H17SR10",4560,4,35,29,19.5,"Northern"
"69",2982,2982,2982,"GD","H17Sr12",2017,"Salix richardsonii","Qikiqtaruk","2022-08-16",8,17,2022,6,11,9,12,21,26,16,37,41,19,"H17SR12",594,5,32.3333333333333,21,10,"Northern"
"70",894,894,894,"GD","H17Sr13",2017,"Salix richardsonii","Qikiqtaruk","2018-08-18",8,18,2018,14.4,NA,NA,NA,25.56,20.91,17.42,9.32,4.61,3.84,"H17SR13",NA,1,5.92333333333333,21.2966666666667,NA,"Northern"
"71",896,896,896,"GD","H17Sr15",2017,"Salix richardsonii","Qikiqtaruk","2018-08-18",8,18,2018,20.9,NA,NA,NA,26.25,29.52,27.32,25.1,NA,NA,"H17SR15",NA,1,NA,27.6966666666667,NA,"Northern"
"72",899,899,899,"IR","H17Sr18",2017,"Salix richardsonii","Qikiqtaruk","2018-08-18",8,18,2018,22.2,NA,NA,NA,20.33,23.85,27.24,13.72,12.61,NA,"H17SR18",NA,1,NA,23.8066666666667,NA,"Northern"
"73",2715,2048,2048,"IR","H17Sr19",2017,"Salix richardsonii","Qikiqtaruk","2021-08-11",8,11,2021,6.8,10.4,5,12,17,18,19,18,10,14,"H17SR19",353.6,4,14,18,7.7,"Northern"
"74",902,902,902,"AC","H17Sr20",2017,"Salix richardsonii","Qikiqtaruk","2018-08-18",8,18,2018,2.2,NA,NA,NA,11.67,10.84,NA,5.14,NA,NA,"H17SR20",NA,1,NA,NA,NA,"Northern"
"75",904,904,904,"AC","H17Sr21_clone",2017,"Salix richardsonii","Qikiqtaruk","2018-08-18",8,18,2018,28,NA,NA,NA,NA,NA,NA,NA,NA,NA,"H17SR21_CLONE",NA,1,NA,NA,NA,"Northern"
"76",907,907,907,"AC","H17Sr24",2017,"Salix richardsonii","Qikiqtaruk","2018-08-18",8,18,2018,16.6,NA,NA,NA,27.05,25.76,23.32,12.48,15.4,8.06,"H17SR24",NA,1,11.98,25.3766666666667,NA,"Northern"
"77",2121,2379,2379,"AC","H17Sr25",2017,"Salix richardsonii","Qikiqtaruk","2020-08-19",8,19,2020,24.93,20.9,3.21,2.83,NA,NA,NA,9.02,7.32,7.36,"H17SR25",1672.52877,3,7.9,NA,12.055,"Northern"
"78",911,911,911,"AC","H17Sr28",2017,"Salix richardsonii","Qikiqtaruk","2018-08-18",8,18,2018,6.9,NA,NA,NA,NA,NA,NA,3.8,NA,NA,"H17SR28",NA,1,NA,NA,NA,"Northern"
"79",913,913,913,"LB","H17Sr3",2017,"Salix richardsonii","Qikiqtaruk","2018-08-18",8,18,2018,1.4,NA,NA,NA,NA,NA,NA,7.44,NA,NA,"H17SR3",NA,1,NA,NA,NA,"Northern"
"80",3162,3162,3162,"EW","H17Sr30",2017,"Salix richardsonii","Qikiqtaruk","2022-08-16",8,17,2022,14,27,22,18,38,32,28,24,25,13,"H17SR30",8316,5,20.6666666666667,32.6666666666667,24.5,"Northern"
"81",915,915,915,"EW","H17Sr31",2017,"Salix richardsonii","Qikiqtaruk","2018-08-18",8,18,2018,2.1,NA,NA,NA,NA,NA,NA,11.31,NA,NA,"H17SR31",NA,1,NA,NA,NA,"Northern"
"82",916,916,916,"EW","H17Sr32",2017,"Salix richardsonii","Qikiqtaruk","2018-08-18",8,18,2018,1.9,NA,NA,NA,NA,NA,NA,7.9,NA,NA,"H17SR32",NA,1,NA,NA,NA,"Northern"
"83",3167,3167,3167,"EW","H17Sr35",2017,"Salix richardsonii","Qikiqtaruk","2022-08-16",8,17,2022,19,23,24,16,27,26,28,36,35,25,"H17SR35",10488,5,32,27,23.5,"Northern"
"84",2133,2391,2391,"EW","H17Sr36",2017,"Salix richardsonii","Qikiqtaruk","2020-08-19",8,19,2020,14.6,20.8,9.4,11,32,28,38,68,56,64,"H17SR36",2854.592,3,62.6666666666667,32.6666666666667,15.1,"Northern"
"85",2721,2054,2054,"EW","H17Sr37",2017,"Salix richardsonii","Qikiqtaruk","2021-08-11",8,11,2021,5.9,8.4,6.8,8,23,18,20,6,10,9,"H17SR37",337.008,4,8.33333333333333,20.3333333333333,7.6,"Northern"
"86",2137,2395,2395,"LB","H17Sr4",2017,"Salix richardsonii","Qikiqtaruk","2020-08-19",8,19,2020,12,9.4,5.8,14,NA,NA,NA,44,23,18,"H17SR4",654.24,3,28.3333333333333,NA,7.6,"Northern"
"87",926,926,926,"LB","H17Sr5",2017,"Salix richardsonii","Qikiqtaruk","2018-08-18",8,18,2018,19.2,NA,NA,NA,25.34,26.82,20.96,15.11,11.04,9.97,"H17SR5",NA,1,12.04,24.3733333333333,NA,"Northern"
"88",2980,2980,2980,"GD","H17Sr7",2017,"Salix richardsonii","Qikiqtaruk","2022-08-16",8,17,2022,9,12,15,8,24,25,26,27,32,24,"H17SR7",1620,5,27.6666666666667,25,13.5,"Northern"
"89",930,930,930,"GD","H17Sr9",2017,"Salix richardsonii","Qikiqtaruk","2018-08-18",8,18,2018,19.8,NA,NA,NA,18.12,22.11,23.68,9.42,10.32,5.31,"H17SR9",NA,1,8.35,21.3033333333333,NA,"Northern"
"90",3106,3106,3106,"SAB","H18Sa1",2018,"Salix arctica","Qikiqtaruk","2022-08-16",8,17,2022,4,9.5,7.5,9,25,35,27,12,11,7,"H18SA1",285,4,10,29,8.5,"Northern"
"91",1490,1490,1490,"JB","H18Sa13",2018,"Salix arctica","Qikiqtaruk","2019-08-23",8,23,2019,0.4,NA,NA,NA,9.56,7.2,NA,56.05,NA,NA,"H18SA13",NA,1,NA,NA,NA,"Northern"
"92",3107,3107,3107,"SAB","H18Sa8",2018,"Salix arctica","Qikiqtaruk","2022-08-16",8,17,2022,5,14.5,13.5,8,30,39,22,18,16,12,"H18SA8",978.75,4,15.3333333333333,30.3333333333333,14,"Northern"
"93",2944,2944,2944,"IMS","H18Sp1",2018,"Salix pulchra","Qikiqtaruk","2022-08-16",8,17,2022,4.5,5,3.2,5,22,11,14,7,8,3,"H18SP1",72,4,6,15.6666666666667,4.1,"Northern"
"94",2971,2971,2971,"SL","H18Sp11",2018,"Salix pulchra","Qikiqtaruk","2022-07-22",7,23,2022,8.5,8,12,8.5,25,18,22,12,15,11,"H18SP11",816,4,12.6666666666667,21.6666666666667,10,"Northern"
"95",2173,2431,2431,"SL","H18Sp15",2018,"Salix pulchra","Qikiqtaruk","2020-08-19",8,19,2020,9.2,6.2,6.5,5,25,24,23,32,24,18,"H18SP15",370.76,2,24.6666666666667,24,6.35,"Northern"
"96",2734,2067,2067,"JG","H18Sp16",2018,"Salix pulchra","Qikiqtaruk","2021-08-11",8,11,2021,11,6.2,4,4,15,16,11,9,5,3,"H18SP16",272.8,3,5.66666666666667,14,5.1,"Northern"
"97",2735,2068,2068,"JG","H18Sp18",2018,"Salix pulchra","Qikiqtaruk","2021-08-11",8,11,2021,3.7,5.6,3.5,5,21,23,25,7,6,7,"H18SP18",72.52,3,6.66666666666667,23,4.55,"Northern"
"98",1517,1517,1517,"JG","H18Sp19",2018,"Salix pulchra","Qikiqtaruk","2019-08-23",8,23,2019,2.4,NA,NA,NA,NA,NA,NA,6.42,NA,NA,"H18SP19",NA,1,NA,NA,NA,"Northern"
"99",1518,1518,1518,"IMS","H18Sp2",2018,"Salix pulchra","Qikiqtaruk","2019-08-23",8,23,2019,8.3,NA,NA,NA,NA,NA,NA,6.8,NA,NA,"H18SP2",NA,1,NA,NA,NA,"Northern"
"100",2738,2071,2071,"MG","H18Sp24",2018,"Salix pulchra","Qikiqtaruk","2021-08-11",8,11,2021,2.7,3.6,2.4,3,NA,NA,NA,4,6,5,"H18SP24",23.328,3,5,NA,3,"Northern"
"101",1527,1527,1527,"AB","H18Sp29",2018,"Salix pulchra","Qikiqtaruk","2019-08-23",8,23,2019,8.89,NA,NA,NA,NA,NA,NA,14.87,19.7,12.92,"H18SP29",NA,1,15.83,NA,NA,"Northern"
"102",1529,1529,1529,"AB","H18Sp30",2018,"Salix pulchra","Qikiqtaruk","2019-08-23",8,23,2019,7.6,NA,NA,NA,NA,NA,NA,9.79,21.5,25.19,"H18SP30",NA,1,18.8266666666667,NA,NA,"Northern"
"103",2191,2449,2449,"IMS","H18Sp4",2018,"Salix pulchra","Qikiqtaruk","2020-08-19",8,19,2020,19.4,8.8,3.3,4,NA,NA,NA,23,22,30,"H18SP4",563.376,2,25,NA,6.05,"Northern"
"104",2742,2075,2075,"IMS","H18Sp5",2018,"Salix pulchra","Qikiqtaruk","2021-08-09",8,9,2021,13.6,10.6,2.4,5,NA,NA,NA,9,8,17,"H18SP5",345.984,3,11.3333333333333,NA,6.5,"Northern"
"105",2194,2452,2452,"CF","H18Sp7",2018,"Salix pulchra","Qikiqtaruk","2020-08-19",8,19,2020,12.1,9.4,2.4,7,NA,NA,NA,12,11,14,"H18SP7",272.976,2,12.3333333333333,NA,5.9,"Northern"
"106",2743,2076,2076,"CF","H18Sp8",2018,"Salix pulchra","Qikiqtaruk","2021-08-11",8,11,2021,1.5,3,0.9,2,15,19,NA,5,NA,NA,"H18SP8",4.05,3,NA,NA,1.95,"Northern"
"107",2744,2077,2077,"CF","H18Sp9",2018,"Salix pulchra","Qikiqtaruk","2021-08-11",8,11,2021,7.5,5,8.5,4,NA,12,9,2.5,4,10,"H18SP9",318.75,3,5.5,NA,6.75,"Northern"
"108",2988,2988,2988,"GD","H18Sr10",2018,"Salix richardsonii","Qikiqtaruk","2022-08-16",8,17,2022,6,14,9,10,20,24,13,NA,NA,NA,"H18SR10",756,4,NA,19,11.5,"Northern"
"109",1539,1539,1539,"SW","H18Sr12",2018,"Salix richardsonii","Qikiqtaruk","2019-08-23",8,23,2019,0.7,NA,NA,NA,10.89,9.14,10.45,8.74,NA,NA,"H18SR12",NA,1,NA,10.16,NA,"Northern"
"110",1547,1547,1547,"LB","H18Sr2",2018,"Salix richardsonii","Qikiqtaruk","2019-08-23",8,23,2019,19.6,NA,NA,NA,17.33,13.72,15.82,10.49,NA,NA,"H18SR2",NA,1,NA,15.6233333333333,NA,"Northern"
"111",1552,1552,1552,"AC","H18Sr24",2018,"Salix richardsonii","Qikiqtaruk","2019-08-23",8,23,2019,10.2,NA,NA,NA,NA,NA,NA,37.8,19.03,13.38,"H18SR24",NA,1,23.4033333333333,NA,NA,"Northern"
"112",2750,2083,2083,"EW","H18Sr27",2018,"Salix richardsonii","Qikiqtaruk","2021-08-11",8,11,2021,15.5,14.2,11.1,6,32,34,31,37,34,38,"H18SR27",2443.11,3,36.3333333333333,32.3333333333333,12.65,"Northern"
"113",2218,2476,2476,"EW","H18Sr29",2018,"Salix richardsonii","Qikiqtaruk","2020-08-19",8,19,2020,5.4,15.4,7.1,5,NA,NA,NA,43,42,40,"H18SR29",590.436,2,41.6666666666667,NA,11.25,"Northern"
"114",2752,2085,2085,"EW","H18Sr30",2018,"Salix richardsonii","Qikiqtaruk","2021-08-11",8,11,2021,15.8,17.2,9.5,13,26,29,26,34,27,29,"H18SR30",2581.72,3,30,27,13.35,"Northern"
"115",2753,2086,2086,"GD","H18Sr6",2018,"Salix richardsonii","Qikiqtaruk","2021-08-09",8,9,2021,2.8,4.8,3.5,9,15,14,14,5,7,8,"H18SR6",47.04,3,6.66666666666667,14.3333333333333,4.15,"Northern"
"116",2754,2087,2087,"GD","H18Sr8",2018,"Salix richardsonii","Qikiqtaruk","2021-08-09",8,9,2021,4.8,9.7,8,6,15,17,18,7,12,13,"H18SR8",372.48,3,10.6666666666667,16.6666666666667,8.85,"Northern"
"117",1566,1566,1566,"AB","HE15Sp26",2015,"Salix pulchra","Qikiqtaruk","2019-08-23",8,23,2019,4.7,NA,NA,NA,NA,NA,NA,10.4,19.09,17.39,"HE15SP26",NA,4,15.6266666666667,NA,NA,"Northern"
"118",335,335,335,"SAB","HE16Sa10",2016,"Salix arctica","Qikiqtaruk","2017-08-14",8,14,2017,4,NA,NA,NA,NA,NA,NA,NA,NA,NA,"HE16SA10",NA,1,NA,NA,NA,"Northern"
"119",2755,2088,2088,"SAB","HE16Sa14",2016,"Salix arctica","Qikiqtaruk","2021-08-11",8,11,2021,5.1,19,14.3,8,29,31,27,16,10,21,"HE16SA14",1385.67,5,15.6666666666667,29,16.65,"Northern"
"120",347,347,347,"JA","HE16Sa3",2016,"Salix arctica","Qikiqtaruk","2017-08-13",8,13,2017,4,NA,NA,NA,26,35,21,13,NA,NA,"HE16SA3",NA,1,NA,27.3333333333333,NA,"Northern"
"121",938,938,938,"SAB","HE16Sa6",2016,"Salix arctica","Qikiqtaruk","2018-08-18",8,18,2018,4.5,NA,NA,NA,15.04,11.81,7.41,4.09,2.68,3.3,"HE16SA6",NA,2,3.35666666666667,11.42,NA,"Northern"
"122",1574,1574,1574,"SAB","HE16Sa7",2016,"Salix arctica","Qikiqtaruk","2019-08-23",8,23,2019,5.4,NA,NA,NA,30.66,30.85,32.48,18.54,29.6,25.37,"HE16SA7",NA,3,24.5033333333333,31.33,NA,"Northern"
"123",352,352,352,"SAB","HE16Sa8",2016,"Salix arctica","Qikiqtaruk","2017-08-14",8,14,2017,2.9,NA,NA,NA,10,17,NA,13,NA,NA,"HE16SA8",NA,1,NA,NA,NA,"Northern"
"124",356,356,356,"SL","HE16Sp11",2016,"Salix pulchra","Qikiqtaruk","2017-08-13",8,13,2017,6.5,NA,NA,NA,NA,NA,NA,11,NA,NA,"HE16SP11",NA,1,NA,NA,NA,"Northern"
"125",2759,2092,2092,"SL","HE16Sp15",2016,"Salix pulchra","Qikiqtaruk","2021-08-09",8,9,2021,6.2,10.8,6.5,4,21,22,21,8,3,20,"HE16SP15",435.24,5,10.3333333333333,21.3333333333333,8.65,"Northern"
"126",361,361,361,"JG","HE16Sp16",2016,"Salix pulchra","Qikiqtaruk","2017-08-13",8,13,2017,1.9,NA,NA,NA,18,20,17,17,NA,NA,"HE16SP16",NA,1,NA,18.3333333333333,NA,"Northern"
"127",3046,3046,3046,"JG","HE16Sp17",2016,"Salix pulchra","Qikiqtaruk","2022-08-16",8,17,2022,6,11,15.5,9,19,26,22,18,27,15,"HE16SP17",1023,6,20,22.3333333333333,13.25,"Northern"
"128",364,364,364,"JG","HE16Sp19",2016,"Salix pulchra","Qikiqtaruk","2017-08-13",8,13,2017,9,NA,NA,NA,12,7,NA,12,6,NA,"HE16SP19",NA,1,NA,NA,NA,"Northern"
"129",371,371,371,"JG","HE16Sp25",2016,"Salix pulchra","Qikiqtaruk","2017-08-13",8,13,2017,24,NA,NA,NA,NA,NA,NA,4,4,2,"HE16SP25",NA,1,3.33333333333333,NA,NA,"Northern"
"130",1599,1599,1599,"AB","HE16Sp4",2016,"Salix pulchra","Qikiqtaruk","2019-08-23",8,23,2019,28.8,NA,NA,NA,NA,NA,NA,1,NA,NA,"HE16SP4",NA,3,NA,NA,NA,"Northern"
"131",399,399,399,"GD","HE16Sr23",2016,"Salix richardsonii","Qikiqtaruk","2017-08-13",8,13,2017,4.6,NA,NA,NA,NA,NA,NA,8,NA,NA,"HE16SR23",NA,1,NA,NA,NA,"Northern"
"132",118,118,118,"MG","HESp11",2013,"Salix pulchra","Qikiqtaruk","2016-08-11",8,11,2016,26.6,NA,NA,NA,45,39,48,39,30,36,"HESP11",NA,3,35,44,NA,"Northern"
"133",992,992,992,"MG","HESp12",2013,"Salix pulchra","Qikiqtaruk","2018-08-18",8,18,2018,30.5,NA,NA,NA,22.66,20.8,17.14,6.43,3.42,6.48,"HESP12",NA,5,5.44333333333333,20.2,NA,"Northern"
"134",121,121,121,"MG","HESp14",2013,"Salix pulchra","Qikiqtaruk","2016-08-11",8,11,2016,5.9,NA,NA,NA,31,36,30,34,21,15,"HESP14",NA,3,23.3333333333333,32.3333333333333,NA,"Northern"
"135",994,994,994,"MG","HESp17",2013,"Salix pulchra","Qikiqtaruk","2018-08-18",8,18,2018,13.2,NA,NA,NA,14.24,12.55,12.13,3.44,3,2.3,"HESP17",NA,5,2.91333333333333,12.9733333333333,NA,"Northern"
"136",123,123,123,"MG","HESp18",2013,"Salix pulchra","Qikiqtaruk","2016-08-11",8,11,2016,8.3,NA,NA,NA,35,33,31,36,29,34,"HESP18",NA,3,33,33,NA,"Northern"
"137",124,124,124,"IMS","HESp2",2013,"Salix pulchra","Qikiqtaruk","2016-08-11",8,11,2016,12.3,NA,NA,NA,26,20,23,32,29,26,"HESP2",NA,3,29,23,NA,"Northern"
"138",125,125,125,"MG","HESp20",2013,"Salix pulchra","Qikiqtaruk","2016-08-11",8,11,2016,12,NA,NA,NA,39,42,34,41,36,36,"HESP20",NA,3,37.6666666666667,38.3333333333333,NA,"Northern"
"139",422,422,422,"AB","HESp23",2013,"Salix pulchra","Qikiqtaruk","2017-08-14",8,14,2017,7.7,NA,NA,NA,16,10,9,14,14,10,"HESP23",NA,4,12.6666666666667,11.6666666666667,NA,"Northern"
"140",999,999,999,"IMS","HESp24",2013,"Salix pulchra","Qikiqtaruk","2018-08-18",8,18,2018,25.4,NA,NA,NA,24.37,23.15,22.59,4.94,3.66,3.29,"HESP24",NA,5,3.96333333333333,23.37,NA,"Northern"
"141",424,424,424,"AB","HESp26",2013,"Salix pulchra","Qikiqtaruk","2017-08-14",8,14,2017,2.2,NA,NA,NA,NA,NA,NA,27,NA,NA,"HESP26",NA,4,NA,NA,NA,"Northern"
"142",3122,3122,3122,"AB","HESp29",2013,"Salix pulchra","Qikiqtaruk","2022-08-16",8,17,2022,12,19,16,18,20,26,21,18,17,19,"HESP29",3648,9,18,22.3333333333333,17.5,"Northern"
"143",130,130,130,"IMS","HESp3",2013,"Salix pulchra","Qikiqtaruk","2016-08-11",8,11,2016,37.2,NA,NA,NA,39,31,37,42,40,38,"HESP3",NA,3,40,35.6666666666667,NA,"Northern"
"144",429,429,429,"IMS","HESp4",2013,"Salix pulchra","Qikiqtaruk","2017-08-13",8,13,2017,87,NA,NA,NA,61,75,62,175,145,210,"HESP4",NA,4,176.666666666667,66,NA,"Northern"
"145",1643,1643,1643,"CF","HESp6",2013,"Salix pulchra","Qikiqtaruk","2019-08-23",8,23,2019,18.2,NA,NA,NA,24.6,30.77,26.02,26.65,19.96,16.83,"HESP6",NA,6,21.1466666666667,27.13,NA,"Northern"
"146",1008,1008,1008,"SW","HESr13",2013,"Salix richardsonii","Qikiqtaruk","2018-08-18",8,18,2018,12.5,NA,NA,NA,19.93,18.76,19.35,16.93,17.79,13.15,"HESR13",NA,5,15.9566666666667,19.3466666666667,NA,"Northern"
"147",138,138,138,"IR","HESr17",2013,"Salix richardsonii","Qikiqtaruk","2016-08-11",8,11,2016,2.2,NA,NA,NA,NA,NA,NA,NA,NA,NA,"HESR17",NA,3,NA,NA,NA,"Northern"
"148",2949,2949,2949,"LB","HESr2",2013,"Salix richardsonii","Qikiqtaruk","2022-07-22",7,23,2022,12,23,12,15,17,23,25,29,15,23,"HESR2",3312,9,22.3333333333333,21.6666666666667,17.5,"Northern"
"149",436,436,436,"AC","HESr21",2013,"Salix richardsonii","Qikiqtaruk","2017-08-14",8,14,2017,23.5,NA,NA,NA,9,12,15,36,21,31,"HESR21",NA,4,29.3333333333333,12,NA,"Northern"
"150",3112,3112,3112,"AC","HESr23",2013,"Salix richardsonii","Qikiqtaruk","2022-08-16",8,17,2022,7,8,8.5,5,19,17,25,15,13,24,"HESR23",476,9,17.3333333333333,20.3333333333333,8.25,"Northern"
"151",438,438,438,"AC","HESr26",2013,"Salix richardsonii","Qikiqtaruk","2017-08-14",8,14,2017,14.5,NA,NA,NA,21,20,22,27,48,25,"HESR26",NA,4,33.3333333333333,21,NA,"Northern"
"152",1014,1014,1014,"AC","HESr27",2013,"Salix richardsonii","Qikiqtaruk","2018-08-18",8,18,2018,8.8,NA,NA,NA,8.62,7.31,5.64,13.21,4.81,5.68,"HESR27",NA,5,7.9,7.19,NA,"Northern"
"153",2948,2948,2948,"LB","HESr3",2013,"Salix richardsonii","Qikiqtaruk","2022-08-16",8,17,2022,15,21,22,10,21,13,29,17,12,12,"HESR3",6930,9,13.6666666666667,21,21.5,"Northern"
"154",1652,1652,1652,"LB","HESr4",2013,"Salix richardsonii","Qikiqtaruk","2019-08-23",8,23,2019,8.4,NA,NA,NA,NA,NA,NA,19.34,19.59,8.99,"HESR4",NA,6,15.9733333333333,NA,NA,"Northern"
"155",442,442,442,"LB","HESr4B",2013,"Salix richardsonii","Qikiqtaruk","2017-08-13",8,13,2017,3.3,NA,NA,NA,13,7,6,6,12,4,"HESR4B",NA,4,7.33333333333333,8.66666666666667,NA,"Northern"
"156",1017,1017,1017,"LB","HESr4B_clone",2013,"Salix richardsonii","Qikiqtaruk","2018-08-18",8,18,2018,3.1,NA,NA,NA,16.16,NA,NA,9.44,2.36,8.4,"HESR4B_CLONE",NA,5,6.73333333333333,NA,NA,"Northern"
"157",1654,1654,1654,"SW","HESr6",2013,"Salix richardsonii","Qikiqtaruk","2019-08-23",8,23,2019,17.2,NA,NA,NA,NA,NA,NA,7.91,11.42,16.1,"HESR6",NA,6,11.81,NA,NA,"Northern"
"158",148,148,148,"SW","HESr7",2013,"Salix richardsonii","Qikiqtaruk","2016-08-11",8,11,2016,19.5,NA,NA,NA,32,34,35,36,31,49,"HESR7",NA,3,38.6666666666667,33.6666666666667,NA,"Northern"
"159",149,149,149,"SW","HESr8",2013,"Salix richardsonii","Qikiqtaruk","2016-08-11",8,11,2016,26,NA,NA,NA,29,27,29,54,39,34,"HESR8",NA,3,42.3333333333333,28.3333333333333,NA,"Northern"
"160",2781,2114,2114,"JB","K15PSa10",2015,"Salix arctica","Kluane","2021-08-11",8,11,2021,4,8.4,9.6,4,23,22,24,8,7,4,"K15PSA10",322.56,6,6.33333333333333,23,9,"Southern"
"161",3145,3145,3145,"JB","K15PSa11",2015,"Salix arctica","Kluane","2022-08-16",8,17,2022,8,32,21,12,55,58,49,32,39,46,"K15PSA11",5376,7,39,54,26.5,"Southern"
"162",2783,2116,2116,"JB","K15PSa12",2015,"Salix arctica","Kluane","2021-08-11",8,11,2021,7.1,24.8,20.1,12,32,37,34,8,4,14,"K15PSA12",3539.208,6,8.66666666666667,34.3333333333333,22.45,"Southern"
"163",1031,1031,1031,"JB","K15PSa13",2015,"Salix arctica","Kluane","2018-08-18",8,18,2018,3,NA,NA,NA,27.18,25.83,27.29,4.2,5.4,6.67,"K15PSA13",NA,3,5.42333333333333,26.7666666666667,NA,"Southern"
"164",3155,3155,3155,"JB","K15PSa15",2015,"Salix arctica","Kluane","2022-08-16",8,17,2022,15.2,17,21,12,40,33,37,20,16,20,"K15PSA15",5426.4,7,18.6666666666667,36.6666666666667,19,"Southern"
"165",1669,1669,1669,"JB","K15PSa2",2015,"Salix arctica","Kluane","2019-08-23",8,23,2019,7,NA,NA,NA,41.94,35,37.01,11.73,7.08,5.36,"K15PSA2",NA,4,8.05666666666667,37.9833333333333,NA,"Southern"
"166",3148,3148,3148,"JB","K15PSa6",2015,"Salix arctica","Kluane","2022-08-16",8,17,2022,7.9,32.5,28,9,44,53,42,30,20,22,"K15PSA6",7189,7,24,46.3333333333333,30.25,"Southern"
"167",1671,1671,1671,"JB","K15PSa7",2015,"Salix arctica","Kluane","2019-08-23",8,23,2019,7,NA,NA,NA,62.9,75.42,60.93,21.91,36.22,25.2,"K15PSA7",NA,4,27.7766666666667,66.4166666666667,NA,"Southern"
"168",1036,1036,1036,"JB","K15PSa8",2015,"Salix arctica","Kluane","2018-08-18",8,18,2018,7.8,NA,NA,NA,37.57,20.67,34.46,73.83,39.47,18.01,"K15PSA8",NA,3,43.77,30.9,NA,"Southern"
"169",1673,1673,1673,"JB","K15PSa9",2015,"Salix arctica","Kluane","2019-08-23",8,23,2019,8,NA,NA,NA,49.79,48.5,54.5,33.82,25.25,20.85,"K15PSA9",NA,4,26.64,50.93,NA,"Southern"
"170",2790,2123,2123,"SW","K15SSr8",2015,"Salix richardsonii","Kluane","2021-08-11",8,11,2021,21.5,29.5,19,15,53,51,45,37,29,44,"K15SSR8",12050.75,6,36.6666666666667,49.6666666666667,24.25,"Southern"
"171",1055,1055,1055,"JB","K17Sa10",2017,"Salix arctica","Kluane","2018-08-18",8,18,2018,2.2,NA,NA,NA,10.02,15.72,10.2,4.98,1.64,1.68,"K17SA10",NA,1,2.76666666666667,11.98,NA,"Southern"
"172",2791,2124,2124,"JA","K17Sa5",2017,"Salix arctica","Kluane","2021-08-11",8,11,2021,2.5,7.5,5.5,4,22,19,18,5,3,2,"K17SA5",103.125,4,3.33333333333333,19.6666666666667,6.5,"Southern"
"173",2365,2623,2623,"LB","K17Sr6",2017,"Salix richardsonii","Kluane","2020-08-19",8,19,2020,20.1,26.4,13,12,64,61,48,109,51,38,"K17SR6",6898.32,3,66,57.6666666666667,19.7,"Southern"
"174",1067,1067,1067,"LB","K17Sr9",2017,"Salix richardsonii","Kluane","2018-08-18",8,18,2018,5.7,NA,NA,NA,15.64,18.99,17.91,2.85,NA,NA,"K17SR9",NA,1,NA,17.5133333333333,NA,"Southern"
"175",1704,1704,1704,"IMS","KLSPC1",2013,"Salix pulchra","Kluane","2019-08-23",8,23,2019,45.4,NA,NA,NA,49.5,44.55,39.65,29.55,20.36,36.01,"KLSPC1",NA,6,28.64,44.5666666666667,NA,"Southern"
"176",214,214,214,"MG","KLSPC10",2013,"Salix pulchra","Kluane","2016-08-11",8,11,2016,33,NA,NA,NA,46,48,47,43,41,28,"KLSPC10",NA,3,37.3333333333333,47,NA,"Southern"
"177",1070,1070,1070,"AB","KLSPC13",2013,"Salix pulchra","Kluane","2018-08-18",8,18,2018,49.1,NA,NA,NA,47.67,46.6,41.15,6.69,4.84,3.71,"KLSPC13",NA,5,5.08,45.14,NA,"Southern"
"178",504,504,504,"IMS","KLSPC2",2013,"Salix pulchra","Kluane","2017-08-13",8,13,2017,31,NA,NA,NA,47,56,51,90,75,60,"KLSPC2",NA,4,75,51.3333333333333,NA,"Southern"
"179",505,505,505,"IMS","KLSPC3",2013,"Salix pulchra","Kluane","2017-08-13",8,13,2017,31,NA,NA,NA,47,54,55,110,112,80,"KLSPC3",NA,4,100.666666666667,52,NA,"Southern"
"180",218,218,218,"MG","KLSPC8",2013,"Salix pulchra","Kluane","2016-08-11",8,11,2016,16.1,NA,NA,NA,74,65,75,314,317,275,"KLSPC8",NA,3,302,71.3333333333333,NA,"Southern"
"181",1074,1074,1074,"MG","KLSPC9",2013,"Salix pulchra","Kluane","2018-08-18",8,18,2018,44.1,NA,NA,NA,18.19,21.84,24.22,53.66,83.52,54.71,"KLSPC9",NA,5,63.9633333333333,21.4166666666667,NA,"Southern"
"182",1075,1075,1075,"IMS","KLSpE1",2013,"Salix pulchra","Kluane","2018-08-18",8,18,2018,74.9,NA,NA,NA,31.63,37.79,40.93,6.26,7.49,6.6,"KLSPE1",NA,5,6.78333333333333,36.7833333333333,NA,"Southern"
"183",1712,1712,1712,"CF","KLSpE10",2013,"Salix pulchra","Kluane","2019-08-23",8,23,2019,37.8,NA,NA,NA,33.02,37.53,36.55,156,61,40,"KLSPE10",NA,6,85.6666666666667,35.7,NA,"Southern"
"184",1713,1713,1713,"MG","KLSpE11",2013,"Salix pulchra","Kluane","2019-08-23",8,23,2019,40.3,NA,NA,NA,38.16,40.9,41.41,17.53,18.91,24.95,"KLSPE11",NA,6,20.4633333333333,40.1566666666667,NA,"Southern"
"185",511,511,511,"MG","KLSpE12",2013,"Salix pulchra","Kluane","2017-08-14",8,14,2017,50,NA,NA,NA,55,39,34,170,190,210,"KLSPE12",NA,4,190,42.6666666666667,NA,"Southern"
"186",3072,3072,3072,"MG","KLSpE14",2013,"Salix pulchra","Kluane","2022-08-16",8,17,2022,54,85,72,16,72,64,73,230,300,450,"KLSPE14",330480,9,326.666666666667,69.6666666666667,78.5,"Southern"
"187",513,513,513,"MG","KLSpE15",2013,"Salix pulchra","Kluane","2017-08-14",8,14,2017,20,NA,NA,NA,34,33,37,145,200,90,"KLSPE15",NA,4,145,34.6666666666667,NA,"Southern"
"188",514,514,514,"IMS","KLSpE2",2013,"Salix pulchra","Kluane","2017-08-13",8,13,2017,61,NA,NA,NA,51,50,48,222,357,286,"KLSPE2",NA,4,288.333333333333,49.6666666666667,NA,"Southern"
"189",2807,2140,2140,"IMS","KLSpE3",2013,"Salix pulchra","Kluane","2021-08-09",8,9,2021,10.6,9,6.8,5,21,24,26,11,12,7,"KLSPE3",648.72,8,10,23.6666666666667,7.9,"Southern"
"190",516,516,516,"IMS","KLSpE4",2013,"Salix pulchra","Kluane","2017-08-13",8,13,2017,83.5,NA,NA,NA,70,62,65,280,235,170,"KLSPE4",NA,4,228.333333333333,65.6666666666667,NA,"Southern"
"191",517,517,517,"IMS","KLSpE5",2013,"Salix pulchra","Kluane","2017-08-13",8,13,2017,31,NA,NA,NA,50,55,37,55,60,85,"KLSPE5",NA,4,66.6666666666667,47.3333333333333,NA,"Southern"
"192",1085,1085,1085,"CF","KLSpE6",2013,"Salix pulchra","Kluane","2018-08-18",8,18,2018,101,NA,NA,NA,64.45,68.7,68.1,319,170,225,"KLSPE6",NA,5,238,67.0833333333333,NA,"Southern"
"193",519,519,519,"CF","KLSpE7",2013,"Salix pulchra","Kluane","2017-08-13",8,13,2017,87,NA,NA,NA,60,65,59,595,430,495,"KLSPE7",NA,4,506.666666666667,61.3333333333333,NA,"Southern"
"194",1723,1723,1723,"CF","KLSpE8",2013,"Salix pulchra","Kluane","2019-08-23",8,23,2019,73.2,NA,NA,NA,38.62,39.66,38.31,65.24,61.39,45.14,"KLSPE8",NA,6,57.2566666666667,38.8633333333333,NA,"Southern"
"195",521,521,521,"CF","KLSpE9",2013,"Salix pulchra","Kluane","2017-08-13",8,13,2017,49,NA,NA,NA,80,70,65,270,350,270,"KLSPE9",NA,4,296.666666666667,71.6666666666667,NA,"Southern"
"196",2814,2147,2147,"IR","KLSrC10",2013,"Salix richardsonii","Kluane","2021-08-11",8,11,2021,110.6,145.3,124.8,81,58,48,52,40,61,109,"KLSRC10",2005558.464,8,70,52.6666666666667,135.05,"Southern"
"197",1090,1090,1090,"AC","KLSrC11",2013,"Salix richardsonii","Kluane","2018-08-18",8,18,2018,41.6,NA,NA,NA,40.45,35.87,36.11,31.54,106.01,83.64,"KLSRC11",NA,5,73.73,37.4766666666667,NA,"Southern"
"198",2815,2148,2148,"AC","KLSrC13",2013,"Salix richardsonii","Kluane","2021-08-11",8,11,2021,85,115,114,88,47,52,48,120,39,112,"KLSRC13",1114350,8,90.3333333333333,49,114.5,"Southern"
"199",2947,2947,2947,"LB","KLSrC2",2013,"Salix richardsonii","Kluane","2022-08-16",8,17,2022,127,140,110,60,52,40,45,90,80,80,"KLSRC2",1955800,9,83.3333333333333,45.6666666666667,125,"Southern"
"200",2394,2652,2652,"IR","KLSrC6",2013,"Salix richardsonii","Kluane","2020-08-19",8,19,2020,115,111,98.4,42,42,41,48,137,122,84,"KLSRC6",1256076,7,114.333333333333,43.6666666666667,104.7,"Southern"
"201",527,527,527,"IR","KLSrC7",2013,"Salix richardsonii","Kluane","2017-08-14",8,14,2017,82,NA,NA,NA,31,32,30,175,240,220,"KLSRC7",NA,4,211.666666666667,31,NA,"Southern"
"202",2819,2152,2152,"SW","KLSrE10",2013,"Salix richardsonii","Kluane","2021-08-11",8,11,2021,122,147,117,39,34,46,41,53,106,35,"KLSRE10",2098278,8,64.6666666666667,40.3333333333333,132,"Southern"
"203",2397,2655,2655,"IR","KLSrE11",2013,"Salix richardsonii","Kluane","2020-08-19",8,19,2020,100.4,129.2,125.6,66,52,57,59,79,96,98,"KLSRE11",1629243.008,7,91,56,127.4,"Southern"
"204",3085,3085,3085,"IR","KLSrE13",2013,"Salix richardsonii","Kluane","2022-08-16",8,17,2022,105,138,98,53,36,42,35,39,45,55,"KLSRE13",1420020,9,46.3333333333333,37.6666666666667,118,"Southern"
"205",1734,1734,1734,"IR","KLSrE14",2013,"Salix richardsonii","Kluane","2019-08-23",8,23,2019,60.5,NA,NA,NA,47.49,57.18,61.54,146,125,121,"KLSRE14",NA,6,130.666666666667,55.4033333333333,NA,"Southern"
"206",1735,1735,1735,"IR","KLSrE15",2013,"Salix richardsonii","Kluane","2019-08-23",8,23,2019,112.2,NA,NA,NA,49.66,51.06,45.09,106,125,112,"KLSRE15",NA,6,114.333333333333,48.6033333333333,NA,"Southern"
"207",2946,2946,2946,"LB","KLSrE4",2013,"Salix richardsonii","Kluane","2022-08-16",8,17,2022,113,245,235,120,48,45,34,60,60,100,"KLSRE4",6505975,9,73.3333333333333,42.3333333333333,240,"Southern"
"208",2825,2158,2158,"SW","KLSrE6",2013,"Salix richardsonii","Kluane","2021-08-11",8,11,2021,85,98,87,35,43,49,53,54,33,69,"KLSRE6",724710,8,52,48.3333333333333,92.5,"Southern"
"209",2826,2159,2159,"SW","KLSrE7",2013,"Salix richardsonii","Kluane","2021-08-11",8,11,2021,68,87,68,58,52,42,43,136,73,68,"KLSRE7",402288,8,92.3333333333333,45.6666666666667,77.5,"Southern"
"210",2404,2662,2662,"SW","KLSrE9",2013,"Salix richardsonii","Kluane","2020-08-19",8,19,2020,83.8,91.6,100.1,56,52,46,64,102,88,106,"KLSRE9",768375.608,7,98.6666666666667,54,95.85,"Southern"
"211",1116,1116,1116,"JA","KP16Sa5",2016,"Salix arctica","Kluane","2018-08-18",8,18,2018,1.9,NA,NA,NA,11.87,16.86,15.81,1.64,2.22,2.01,"KP16SA5",NA,2,1.95666666666667,14.8466666666667,NA,"Southern"
"212",3101,3101,3101,"SAB","KP16Sa6",2016,"Salix arctica","Kluane","2022-08-16",8,17,2022,5.5,11,9.5,7,22,30,28,8,6,NA,"KP16SA6",574.75,6,NA,26.6666666666667,10.25,"Southern"
"213",1756,1756,1756,"SL","KP16Sp11",2016,"Salix pulchra","Kluane","2019-08-23",8,23,2019,2.7,NA,NA,NA,NA,NA,NA,NA,NA,NA,"KP16SP11",NA,3,NA,NA,NA,"Southern"
"214",2430,2688,2688,"SL","KP16Sp22",2016,"Salix pulchra","Kluane","2020-08-19",8,19,2020,21.8,32.6,29.8,5,28,31,33,81,52,88,"KP16SP22",21178.264,4,73.6666666666667,30.6666666666667,31.2,"Southern"
"215",1766,1766,1766,"SL","KP16Sp23",2016,"Salix pulchra","Kluane","2019-08-23",8,23,2019,19.99,NA,NA,NA,NA,NA,NA,NA,NA,NA,"KP16SP23",NA,3,NA,NA,NA,"Southern"
"216",2432,2690,2690,"SL","KP16Sp24",2016,"Salix pulchra","Kluane","2020-08-19",8,19,2020,26.1,37.2,17,14,42,31,33,46,56,45,"KP16SP24",16505.64,4,49,35.3333333333333,27.1,"Southern"
"217",2832,2165,2165,"AB","KP16Sp33",2016,"Salix pulchra","Kluane","2021-08-11",8,11,2021,42.2,58.4,38,34,36,37,28,22,9,5,"KP16SP33",93650.24,5,12,33.6666666666667,48.2,"Southern"
"218",584,584,584,"AB","KP16Sp34",2016,"Salix pulchra","Kluane","2017-08-14",8,14,2017,17,NA,NA,NA,46,60,61,150,27,26,"KP16SP34",NA,1,67.6666666666667,55.6666666666667,NA,"Southern"
"219",3047,3047,3047,"JG","KP16Sp39",2016,"Salix pulchra","Kluane","2022-08-16",8,17,2022,4.5,9.5,8,9,32,21,22,22,10,19,"KP16SP39",342,6,17,25,8.75,"Southern"
"220",2448,2706,2706,"IMS","KP16Sp41",2016,"Salix pulchra","Kluane","2020-08-19",8,19,2020,11.3,7.6,8.2,8,28,30,30,18,17,14,"KP16SP41",704.216,4,16.3333333333333,29.3333333333333,7.9,"Southern"
"221",594,594,594,"CF","KP16Sp43",2016,"Salix pulchra","Kluane","2017-08-13",8,13,2017,24.5,NA,NA,NA,26,26,32,32,13,10,"KP16SP43",NA,1,18.3333333333333,28,NA,"Southern"
"222",596,596,596,"CF","KP16Sp45",2016,"Salix pulchra","Kluane","2017-08-13",8,13,2017,25.5,NA,NA,NA,5,5,5,26,6,14,"KP16SP45",NA,1,15.3333333333333,5,NA,"Southern"
"223",597,597,597,"CF","KP16Sp46",2016,"Salix pulchra","Kluane","2017-08-13",8,13,2017,27.5,NA,NA,NA,27,30,28,12,11,11,"KP16SP46",NA,1,11.3333333333333,28.3333333333333,NA,"Southern"
"224",603,603,603,"CF","KP16Sp51",2016,"Salix pulchra","Kluane","2017-08-13",8,13,2017,32,NA,NA,NA,32,34,31,65,29,17,"KP16SP51",NA,1,37,32.3333333333333,NA,"Southern"
"225",604,604,604,"CF","KP16Sp52",2016,"Salix pulchra","Kluane","2017-08-13",8,13,2017,24.5,NA,NA,NA,27,35,21,29,33,21,"KP16SP52",NA,1,27.6666666666667,27.6666666666667,NA,"Southern"
"226",2461,2719,2719,"CF","KP16Sp55",2016,"Salix pulchra","Kluane","2020-08-19",8,19,2020,26.9,88,10.2,8,26,24,24,15,14,15,"KP16SP55",24145.44,4,14.6666666666667,24.6666666666667,49.1,"Southern"
"227",608,608,608,"JG","KP16Sp56",2016,"Salix pulchra","Kluane","2017-08-13",8,13,2017,31,NA,NA,NA,25,24,19,15,13,10,"KP16SP56",NA,1,12.6666666666667,22.6666666666667,NA,"Southern"
"228",609,609,609,"JG","KP16Sp57",2016,"Salix pulchra","Kluane","2017-08-13",8,13,2017,18.5,NA,NA,NA,50,46,45,49,NA,NA,"KP16SP57",NA,1,NA,47,NA,"Southern"
"229",2465,2723,2723,"JG","KP16Sp59",2016,"Salix pulchra","Kluane","2020-08-19",8,19,2020,18.9,44.3,28.2,15,32,35,45,30,45,42,"KP16SP59",23611.014,4,39,37.3333333333333,36.25,"Southern"
"230",1165,1165,1165,"JG","KP16Sp60",2016,"Salix pulchra","Kluane","2018-08-18",8,18,2018,25.4,NA,NA,NA,38.27,47.47,50.42,9.34,7.3,6,"KP16SP60",NA,2,7.54666666666667,45.3866666666667,NA,"Southern"
"231",1166,1166,1166,"LB","KP16Sr1",2016,"Salix richardsonii","Kluane","2018-08-18",8,18,2018,7,NA,NA,NA,26.96,26.32,27.78,7.46,15.37,17.16,"KP16SR1",NA,2,13.33,27.02,NA,"Southern"
"232",627,627,627,"EW","KP16Sr19",2016,"Salix richardsonii","Kluane","2017-08-14",8,14,2017,1.6,NA,NA,NA,5,4,10,15,NA,NA,"KP16SR19",NA,1,NA,6.33333333333333,NA,"Southern"
"233",2844,2177,2177,"IR","KP16Sr26",2016,"Salix richardsonii","Kluane","2021-08-11",8,11,2021,31.2,11.7,12.1,17,25,26,27,17,21,32,"KP16SR26",4416.984,5,23.3333333333333,26,11.9,"Southern"
"234",2845,2178,2178,"IR","KP16Sr27",2016,"Salix richardsonii","Kluane","2021-08-11",8,11,2021,35.6,28.8,17.5,24,43,42,46,52,44,34,"KP16SR27",17942.4,5,43.3333333333333,43.6666666666667,23.15,"Southern"
"235",2973,2973,2973,"GD","KP16Sr36",2016,"Salix richardsonii","Kluane","2022-08-16",8,17,2022,40,44,36,31,48,29,46,250,220,210,"KP16SR36",63360,6,226.666666666667,41,40,"Southern"
"236",2974,2974,2974,"GD","KP16Sr37",2016,"Salix richardsonii","Kluane","2022-08-16",8,17,2022,83,67,68,35,34,37,41,175,560,180,"KP16SR37",378148,6,305,37.3333333333333,67.5,"Southern"
"237",2945,2945,2945,"LB","KP16Sr41",2016,"Salix richardsonii","Kluane","2022-08-16",8,17,2022,29,31,34,12,33,30,37,110,90,120,"KP16SR41",30566,6,106.666666666667,33.3333333333333,32.5,"Southern"
"238",2975,2975,2975,"GD","KP16Sr51",2016,"Salix richardsonii","Kluane","2022-08-16",8,17,2022,38,36,30,14,40,32,46,95,170,130,"KP16SR51",41040,6,131.666666666667,39.3333333333333,33,"Southern"
"239",2976,2976,2976,"GD","KP16Sr52",2016,"Salix richardsonii","Kluane","2022-08-16",8,17,2022,45,56,51.5,25,42,40,31,100,105,65,"KP16SR52",129780,6,90,37.6666666666667,53.75,"Southern"
"240",2977,2977,2977,"GD","KP16Sr53",2016,"Salix richardsonii","Kluane","2022-08-16",8,17,2022,17,40,32,18,36,26,33,120,45,90,"KP16SR53",21760,6,85,31.6666666666667,36,"Southern"
"241",3165,3165,3165,"EW","KP16Sr57",2016,"Salix richardsonii","Kluane","2022-08-16",8,17,2022,76,77,56,35,49,48,45,240,250,150,"KP16SR57",327712,6,213.333333333333,47.3333333333333,66.5,"Southern"
"242",3164,3164,3164,"EW","KP16Sr58",2016,"Salix richardsonii","Kluane","2022-08-16",8,17,2022,46,66,51,31,43,41,41,200,170,180,"KP16SR58",154836,6,183.333333333333,41.6666666666667,58.5,"Southern"
"243",3163,3163,3163,"EW","KP16Sr60",2016,"Salix richardsonii","Kluane","2022-08-16",8,17,2022,55,45,32,18,45,29,51,120,90,70,"KP16SR60",79200,6,93.3333333333333,41.6666666666667,38.5,"Southern"
"244",1848,1848,1848,"JB","KP17Sa10",2017,"Salix arctica","Kluane","2019-08-23",8,23,2019,3.4,NA,NA,NA,19.32,20.37,21.71,3.3,2,3,"KP17SA10",NA,2,2.76666666666667,20.4666666666667,NA,"Southern"
"245",2855,2188,2188,"JA","KP17Sa2",2017,"Salix arctica","Kluane","2021-08-11",8,11,2021,4.8,13.5,9.5,7,29,37,32,7,5,4,"KP17SA2",615.6,4,5.33333333333333,32.6666666666667,11.5,"Southern"
"246",3033,3033,3033,"JA","KP17Sa4",2017,"Salix arctica","Kluane","2022-08-16",8,17,2022,2.5,7,10,8,24,17,17,4,7,11,"KP17SA4",175,5,7.33333333333333,19.3333333333333,8.5,"Southern"
"247",3105,3105,3105,"SAB","KP17Sa6",2017,"Salix arctica","Kluane","2022-08-16",8,17,2022,5.5,19,19.5,10,42,33,33,9,17,24,"KP17SA6",2037.75,5,16.6666666666667,36,19.25,"Southern"
"248",1217,1217,1217,"JB","KP17Sa8",2017,"Salix arctica","Kluane","2018-08-18",8,18,2018,2.4,NA,NA,NA,24.25,19.45,18.87,3.86,5.56,4.29,"KP17SA8",NA,1,4.57,20.8566666666667,NA,"Southern"
"249",3157,3157,3157,"JB","KP17Sa9",2017,"Salix arctica","Kluane","2022-08-16",8,17,2022,5,23,20,7,36,42,39,12,8,10,"KP17SA9",2300,5,10,39,21.5,"Southern"
"250",1219,1219,1219,"IMS","KP17Sp1",2017,"Salix pulchra","Kluane","2018-08-18",8,18,2018,23.2,NA,NA,NA,41.38,38.75,35.66,4.61,2.26,3.33,"KP17SP1",NA,1,3.4,38.5966666666667,NA,"Southern"
"251",2526,2784,2784,"AB","KP17Sp12",2017,"Salix pulchra","Kluane","2020-08-19",8,19,2020,32.2,36.4,23,14.91,39.74,46.61,39.25,45,143,152,"KP17SP12",26957.84,3,113.333333333333,41.8666666666667,29.7,"Southern"
"252",1224,1224,1224,"AB","KP17Sp14",2017,"Salix pulchra","Kluane","2018-08-18",8,18,2018,14,NA,NA,NA,33.62,33.73,32.15,43.12,40.32,46.89,"KP17SP14",NA,1,43.4433333333333,33.1666666666667,NA,"Southern"
"253",2861,2194,2194,"IMS","KP17Sp2",2017,"Salix pulchra","Kluane","2021-08-09",8,9,2021,21.5,20.5,14.5,12,25,25,32,10,8,7,"KP17SP2",6390.875,4,8.33333333333333,27.3333333333333,17.5,"Southern"
"254",2969,2969,2969,"SL","KP17Sp5",2017,"Salix pulchra","Kluane","2022-08-16",8,17,2022,35.5,61,32,14,34,34,37,170,110,70,"KP17SP5",69296,5,116.666666666667,35,46.5,"Southern"
"255",2863,2196,2196,"AB","KP17Sp9",2017,"Salix pulchra","Kluane","2021-08-11",8,11,2021,14.8,22.8,11.8,9,29,28,21,11,20,14,"KP17SP9",3981.792,4,15,26,17.3,"Southern"
"256",2952,2952,2952,"LB","KP17Sr1",2017,"Salix richardsonii","Kluane","2022-08-16",8,17,2022,27,36,42,23,45,46,41,90,50,85,"KP17SR1",40824,5,75,44,39,"Southern"
"257",2953,2953,2953,"LB","KP17Sr2",2017,"Salix richardsonii","Kluane","2022-08-16",8,17,2022,34.5,25,34,16,20,17,17,40,25,49,"KP17SR2",29325,5,38,18,29.5,"Southern"
"258",2866,2199,2199,"LB","KP17Sr3",2017,"Salix richardsonii","Kluane","2021-08-09",8,9,2021,38,40,29,11,43,42,41,70,30,45,"KP17SR3",44080,4,48.3333333333333,42,34.5,"Southern"
"259",2867,2200,2200,"LB","KP17Sr4",2017,"Salix richardsonii","Kluane","2021-08-09",8,9,2021,27,39,19,16,32,35,33,27,36,32,"KP17SR4",20007,4,31.6666666666667,33.3333333333333,29,"Southern"
"260",1878,1878,1878,"JA","KP18Sa1",2018,"Salix arctica","Kluane","2019-08-23",8,23,2019,0.6,NA,NA,NA,6.44,9.51,8.37,NA,NA,NA,"KP18SA1",NA,1,NA,8.10666666666667,NA,"Southern"
"261",3175,3175,3175,"EW","KP18Sa10",2018,"Salix arctica","Kluane","2022-08-16",8,17,2022,4.5,17,9,7,38,25,46,13,5,4,"KP18SA10",688.5,4,7.33333333333333,36.3333333333333,13,"Southern"
"262",3044,3044,3044,"JA","KP18Sa2",2018,"Salix arctica","Kluane","2022-08-16",8,17,2022,3.5,13,8.5,8,30,20,22,11,12,10,"KP18SA2",386.75,4,11,24,10.75,"Southern"
"263",1881,1881,1881,"JA","KP18Sa3",2018,"Salix arctica","Kluane","2019-08-23",8,23,2019,1.5,NA,NA,NA,NA,NA,NA,NA,NA,NA,"KP18SA3",NA,1,NA,NA,NA,"Southern"
"264",2870,2203,2203,"JA","KP18Sa4",2018,"Salix arctica","Kluane","2021-08-11",8,11,2021,3.8,11.5,6.8,6,48,38,31,6,3,4,"KP18SA4",297.16,3,4.33333333333333,39,9.15,"Southern"
"265",2872,2205,2205,"EW","KP18Sa8",2018,"Salix arctica","Kluane","2021-08-11",8,11,2021,7,22.1,10.4,5,21,20,23,16,17,18,"KP18SA8",1608.88,3,17,21.3333333333333,16.25,"Southern"
"266",3173,3173,3173,"EW","KP18Sa9",2018,"Salix arctica","Kluane","2022-08-16",8,17,2022,3.5,8.5,5,5,25,38,20,4,2,3,"KP18SA9",148.75,4,3,27.6666666666667,6.75,"Southern"
"267",3057,3057,3057,"JG","KP18Sp1",2018,"Salix pulchra","Kluane","2022-08-16",8,17,2022,27,49,42,17,48,41,21,102,83,50,"KP18SP1",55566,4,78.3333333333333,36.6666666666667,45.5,"Southern"
"268",3056,3056,3056,"JG","KP18Sp2",2018,"Salix pulchra","Kluane","2022-08-16",8,17,2022,68,66,61,22,41,44,43,375,420,460,"KP18SP2",273768,4,418.333333333333,42.6666666666667,63.5,"Southern"
"269",1890,1890,1890,"JG","KP18Sp3",2018,"Salix pulchra","Kluane","2019-08-23",8,23,2019,32.8,NA,NA,NA,69.74,50.01,56.93,181,NA,NA,"KP18SP3",NA,1,NA,58.8933333333333,NA,"Southern"
"270",3054,3054,3054,"JG","KP18Sp4",2018,"Salix pulchra","Kluane","2022-08-16",8,17,2022,26,45,31,12,50,41,38,130,150,200,"KP18SP4",36270,4,160,43,38,"Southern"
"271",2880,2213,2213,"CF","KPSr5",2013,"Salix richardsonii","Kluane","2021-08-11",8,11,2021,54,89,49,36,42,44,48,54,42,66,"KPSR5",235494,8,54,44.6666666666667,69,"Southern"
"272",2881,2214,2214,"JA","PC16CESa2",2016,"Salix arctica","Kluane","2021-08-11",8,11,2021,9.1,26.5,22,10,49,66,59,21,10,12,"PC16CESA2",5305.3,5,14.3333333333333,58,24.25,"Southern"
"273",3119,3119,3119,"AB","PC16CESp7",2016,"Salix pulchra","Kluane","2022-08-16",8,17,2022,32,71,64,20,48,44,51,260,110,340,"PC16CESP7",145408,6,236.666666666667,47.6666666666667,67.5,"Southern"
"274",713,713,713,"SL","PC16CWSp1",2016,"Salix pulchra","Kluane","2017-08-13",8,13,2017,13.5,NA,NA,NA,44,38,42,1,28,30,"PC16CWSP1",NA,1,19.6666666666667,41.3333333333333,NA,"Southern"
"275",719,719,719,"SL","PC16CWSp6",2016,"Salix pulchra","Kluane","2017-08-13",8,13,2017,10.6,NA,NA,NA,32,32,18,17,6,6,"PC16CWSP6",NA,1,9.66666666666667,27.3333333333333,NA,"Southern"
"276",2966,2966,2966,"SL","PC16CWSp7",2016,"Salix pulchra","Kluane","2022-08-16",8,17,2022,60,38,34,15,54,51,45,390,245,150,"PC16CWSP7",77520,6,261.666666666667,50,36,"Southern"
"277",2965,2965,2965,"SL","PC16CWSp9",2016,"Salix pulchra","Kluane","2022-08-16",8,17,2022,12,39,25,15,24,20,23,23,25,43,"PC16CWSP9",11700,6,30.3333333333333,22.3333333333333,32,"Southern"
"278",746,746,746,"SL","PC16PVSp8",2016,"Salix pulchra","Kluane","2017-08-13",8,13,2017,6.4,NA,NA,NA,13,12,9,16,35,NA,"PC16PVSP8",NA,1,NA,11.3333333333333,NA,"Southern"
"279",3035,3035,3035,"JA","PC17Sa1",2017,"Salix arctica","Kluane","2022-08-16",8,17,2022,7.5,27,26,12,49,50,35,40,33,26,"PC17SA1",5265,5,33,44.6666666666667,26.5,"Southern"
"280",1285,1285,1285,"JB","PC17Sa5",2017,"Salix arctica","Kluane","2018-08-18",8,18,2018,0.8,NA,NA,NA,13.05,NA,NA,2.02,NA,NA,"PC17SA5",NA,1,NA,NA,NA,"Southern"
"281",3036,3036,3036,"JA","PC17Sa6",2017,"Salix arctica","Kluane","2022-08-16",8,17,2022,4,10.5,13.5,6,27,25,28,10,3,6,"PC17SA6",567,5,6.33333333333333,26.6666666666667,12,"Southern"
"282",2887,2220,2220,"JA","PC17Sa7",2017,"Salix arctica","Kluane","2021-08-11",8,11,2021,6.6,20,16.5,9,33,39,40,15,13,9,"PC17SA7",2178,4,12.3333333333333,37.3333333333333,18.25,"Southern"
"283",1288,1288,1288,"JA","PC17Sa8",2017,"Salix arctica","Kluane","2018-08-18",8,18,2018,1.7,NA,NA,NA,5.91,3.92,3.06,1.49,0.88,0.7,"PC17SA8",NA,1,1.02333333333333,4.29666666666667,NA,"Southern"
"284",3038,3038,3038,"JA","PC17Sa9",2017,"Salix arctica","Kluane","2022-08-16",8,17,2022,3.5,14,10,9,24,36,44,10,7,12,"PC17SA9",490,5,9.66666666666667,34.6666666666667,12,"Southern"
"285",1290,1290,1290,"SL","PC17Sp1",2017,"Salix pulchra","Kluane","2018-08-18",8,18,2018,27.5,NA,NA,NA,34.66,30.89,29.85,5.71,3.83,3.48,"PC17SP1",NA,1,4.34,31.8,NA,"Southern"
"286",2890,2223,2223,"JG","PC17Sp10",2017,"Salix pulchra","Kluane","2021-08-11",8,11,2021,8.5,16.6,7.5,8,31,32,36,13,21,17,"PC17SP10",1058.25,4,17,33,12.05,"Southern"
"287",2613,2871,2871,"SL","PC17Sp3",2017,"Salix pulchra","Kluane","2020-08-19",8,19,2020,12.4,29.4,18.2,12,26,30,30,60,82,61,"PC17SP3",6634.992,3,67.6666666666667,28.6666666666667,23.8,"Southern"
"288",2614,2872,2872,"SL","PC17Sp4",2017,"Salix pulchra","Kluane","2020-08-19",8,19,2020,34.7,57.1,58.8,15,50,46,52,111,232,169,"PC17SP4",116504.556,3,170.666666666667,49.3333333333333,57.95,"Southern"
"289",1948,1948,1948,"CF","PC17Sp5",2017,"Salix pulchra","Kluane","2019-08-23",8,23,2019,16.5,NA,NA,NA,30.11,23.49,22.43,7.92,12.56,23.6,"PC17SP5",NA,2,14.6933333333333,25.3433333333333,NA,"Southern"
"290",1296,1296,1296,"CF","PC17Sp6",2017,"Salix pulchra","Kluane","2018-08-18",8,18,2018,17.3,NA,NA,NA,51.7,43.34,42.78,28.71,33.68,34.89,"PC17SP6",NA,1,32.4266666666667,45.94,NA,"Southern"
"291",2617,2875,2875,"JG","PC17Sp7",2017,"Salix pulchra","Kluane","2020-08-19",8,19,2020,26.4,17.1,10.5,8,32,28,30,33,24,23,"PC17SP7",4740.12,3,26.6666666666667,30,13.8,"Southern"
"292",3050,3050,3050,"JG","PC17Sp8",2017,"Salix pulchra","Kluane","2022-08-16",8,17,2022,15.5,51,41,13,29,37,35,320,100,110,"PC17SP8",32410.5,5,176.666666666667,33.6666666666667,46,"Southern"
"293",2897,2230,2230,"JG","PC17Sp9",2017,"Salix pulchra","Kluane","2021-08-11",8,11,2021,16,17.5,16.5,12,28,27,31,11,14,19,"PC17SP9",4620,4,14.6666666666667,28.6666666666667,17,"Southern"
"294",2960,2960,2960,"LB","PC17Sr1",2017,"Salix richardsonii","Kluane","2022-08-16",8,17,2022,40,30.5,40,12,28,50,33,330,110,180,"PC17SR1",48800,5,206.666666666667,37,35.25,"Southern"
"295",3001,3001,3001,"SW","PC17Sr10",2017,"Salix richardsonii","Kluane","2022-08-16",8,17,2022,36,39,17,18,40,37,36,85,52,27,"PC17SR10",23868,5,54.6666666666667,37.6666666666667,28,"Southern"
"296",1302,1302,1302,"IR","PC17Sr11",2017,"Salix richardsonii","Kluane","2018-08-18",8,18,2018,3.2,NA,NA,NA,19.17,NA,NA,19.88,NA,NA,"PC17SR11",NA,1,NA,NA,NA,"Southern"
"297",2900,2233,2233,"IR","PC17Sr12",2017,"Salix richardsonii","Kluane","2021-08-11",8,11,2021,10.2,9.9,5.5,9,29,31,28,25,23,NA,"PC17SR12",555.39,4,NA,29.3333333333333,7.7,"Southern"
"298",3093,3093,3093,"IR","PC17Sr13",2017,"Salix richardsonii","Kluane","2022-08-16",8,17,2022,14,20,15,16,26,29,21,16,20,8,"PC17SR13",4200,5,14.6666666666667,25.3333333333333,17.5,"Southern"
"299",1959,1959,1959,"AC","PC17Sr15",2017,"Salix richardsonii","Kluane","2019-08-23",8,23,2019,13.7,NA,NA,NA,34.21,38.03,34.89,53.47,25.47,29.15,"PC17SR15",NA,2,36.03,35.71,NA,"Southern"
"300",2961,2961,2961,"LB","PC17Sr2",2017,"Salix richardsonii","Kluane","2022-08-16",8,17,2022,35,24,22,15,39,31,38,60,35,30,"PC17SR2",18480,5,41.6666666666667,36,23,"Southern"
"301",2986,2986,2986,"GD","PC17Sr4",2017,"Salix richardsonii","Kluane","2022-08-16",8,17,2022,74,63,45,15,46,44,41,410,250,145,"PC17SR4",209790,5,268.333333333333,43.6666666666667,54,"Southern"
"302",2985,2985,2985,"GD","PC17Sr5",2017,"Salix richardsonii","Kluane","2022-08-16",8,17,2022,121,62,72,40,52,38,50,395,465,310,"PC17SR5",540144,5,390,46.6666666666667,67,"Southern"
"303",2984,2984,2984,"GD","PC17Sr6",2017,"Salix richardsonii","Kluane","2022-08-16",8,17,2022,41,63,49,16,42,40,40,290,260,195,"PC17SR6",126567,5,248.333333333333,40.6666666666667,56,"Southern"
"304",1314,1314,1314,"SW","PC17Sr9",2017,"Salix richardsonii","Kluane","2018-08-18",8,18,2018,23.5,NA,NA,NA,44.37,49.42,35.73,31.92,31.48,34.3,"PC17SR9",NA,1,32.5666666666667,43.1733333333333,NA,"Southern"
"305",3030,3030,3030,"JA","PP16MSa1",2016,"Salix arctica","Kluane","2022-08-16",8,17,2022,3.5,4,5,5,19,13,18,4,NA,NA,"PP16MSA1",70,6,NA,16.6666666666667,4.5,"Southern"
"306",762,762,762,"JA","PP16MSa5",2016,"Salix arctica","Kluane","2017-08-13",8,13,2017,4.2,NA,NA,NA,23,15,18,8,6,NA,"PP16MSA5",NA,1,NA,18.6666666666667,NA,"Southern"
"307",770,770,770,"MG","PP16TSp7",2016,"Salix pulchra","Kluane","2017-08-14",8,14,2017,23,NA,NA,NA,35,30,23,26,16,26,"PP16TSP7",NA,1,22.6666666666667,29.3333333333333,NA,"Southern"
"308",1980,1980,1980,"AB","PP17Sp11",2017,"Salix pulchra","Kluane","2019-08-23",8,23,2019,11,NA,NA,NA,NA,NA,NA,1,NA,NA,"PP17SP11",NA,2,NA,NA,NA,"Southern"
"309",1328,1328,1328,"AB","PP17Sp12",2017,"Salix pulchra","Kluane","2018-08-18",8,18,2018,19,NA,NA,NA,30.1,25.93,25.17,37.87,24.13,20.35,"PP17SP12",NA,1,27.45,27.0666666666667,NA,"Southern"
"310",2649,2907,2907,"AB","PP17Sp13",2017,"Salix pulchra","Kluane","2020-08-19",8,19,2020,16.5,22,16.6,12.22,31.8,30.38,36.11,24.11,24.25,17.55,"PP17SP13",6025.8,3,21.97,32.7633333333333,19.3,"Southern"
"311",3133,3133,3133,"AB","PP17Sp15",2017,"Salix pulchra","Kluane","2022-08-16",8,17,2022,29,57,58,23,74,64,31,320,250,370,"PP17SP15",95874,5,313.333333333333,56.3333333333333,57.5,"Southern"
"312",3166,3166,3166,"EW","PP17Sr16",2017,"Salix richardsonii","Kluane","2022-08-16",8,17,2022,44,46,47,29,43,37,42,150,130,100,"PP17SR16",95128,5,126.666666666667,40.6666666666667,46.5,"Southern"
"313",1334,1334,1334,"EW","PP17Sr18",2017,"Salix richardsonii","Kluane","2018-08-18",8,18,2018,1.2,NA,NA,NA,NA,NA,NA,5.26,NA,NA,"PP17SR18",NA,1,NA,NA,NA,"Southern"
"314",3170,3170,3170,"EW","PP17Sr19",2017,"Salix richardsonii","Kluane","2022-08-16",8,17,2022,37,36,33,28,34,38,50,80,70,170,"PP17SR19",43956,5,106.666666666667,40.6666666666667,34.5,"Southern"
"315",3169,3169,3169,"EW","PP17Sr20",2017,"Salix richardsonii","Kluane","2022-08-16",8,17,2022,39,51,69,23,40,42,38,95,80,200,"PP17SR20",137241,5,125,40,60,"Southern"
