"","Species","PhenocamID","Year","All_snow_free_DOY.x","Salix_first_bud_burst_DOY","Salix_first_yellow_DOY","Salix_last_yellow_DOY","population","growing_season.x","...1","plant_first_vis","Snow_melt","All_snow_free","Snow_return_EoS","Half_snow_cover_EoS","Full_snow_cover_EoS","First_leaf_bud_burst","Half_leaves_green","All_leaves_green","First_leaf_yellow","Half_leaves_yellow","All_leaves_yellow","Salix_bud_burst","Salix_first_yellow","Salix_last_yellow","Snow_melt_DOY","All_snow_free_DOY.y","Snow_return_EoS_DOY","First_leaf_bud_burst_DOY","Half_leaves_green_DOY","All_leaves_green_DOY","First_leaf_yellow_DOY","Half_leaves_yellow_DOY","All_leaves_yellow_DOY","Half_snow_cover_EoS_DOY","Full_snow_cover_EoS_DOY","growing_season.y","...36","...37","Plot","Viewshed","NOTES","First_greening","Greening_notes","Salixbud_burst_DOY","First_greening_DOY","ShrubID_Standard","Plants_first_visible_through_snow","Last_leaves_yellow","Plants_first_visible_through_snow_DOY","Last_leaves_yellow_DOY"
"1","SALARC","F1",2022,131,162,197,NA,"QHI",35,NA,NA,NA,NA,NA,NA,NA,NA,NA,NA,NA,NA,NA,NA,NA,NA,NA,NA,NA,NA,NA,NA,NA,NA,NA,NA,NA,NA,NA,NA,NA,NA,NA,NA,NA,NA,NA,NA,NA,NA,NA,NA
"2","SALARC","M1",2022,131,162,194,NA,"QHI",32,NA,NA,NA,NA,NA,NA,NA,NA,NA,NA,NA,NA,NA,NA,NA,NA,NA,NA,NA,NA,NA,NA,NA,NA,NA,NA,NA,NA,NA,NA,NA,NA,NA,NA,NA,NA,NA,NA,NA,NA,NA,NA
"3","SALARC","F2",2022,146,162,194,NA,"QHI",32,NA,NA,NA,NA,NA,NA,NA,NA,NA,NA,NA,NA,NA,NA,NA,NA,NA,NA,NA,NA,NA,NA,NA,NA,NA,NA,NA,NA,NA,NA,NA,NA,NA,NA,NA,NA,NA,NA,NA,NA,NA,NA
"4","SALARC","M2",2022,131,162,NA,NA,"QHI",NA,NA,NA,NA,NA,NA,NA,NA,NA,NA,NA,NA,NA,NA,NA,NA,NA,NA,NA,NA,NA,NA,NA,NA,NA,NA,NA,NA,NA,NA,NA,NA,NA,NA,NA,NA,NA,NA,NA,NA,NA,NA,NA
"5","SALARC","F3",2022,146,162,194,NA,"QHI",32,NA,NA,NA,NA,NA,NA,NA,NA,NA,NA,NA,NA,NA,NA,NA,NA,NA,NA,NA,NA,NA,NA,NA,NA,NA,NA,NA,NA,NA,NA,NA,NA,NA,NA,NA,NA,NA,NA,NA,NA,NA,NA
"6","SALARC","M3",2022,131,162,NA,NA,"QHI",NA,NA,NA,NA,NA,NA,NA,NA,NA,NA,NA,NA,NA,NA,NA,NA,NA,NA,NA,NA,NA,NA,NA,NA,NA,NA,NA,NA,NA,NA,NA,NA,NA,NA,NA,NA,NA,NA,NA,NA,NA,NA,NA
"7","SALARC","F4",2022,131,175,NA,NA,"QHI",NA,NA,NA,NA,NA,NA,NA,NA,NA,NA,NA,NA,NA,NA,NA,NA,NA,NA,NA,NA,NA,NA,NA,NA,NA,NA,NA,NA,NA,NA,NA,NA,NA,NA,NA,NA,NA,NA,NA,NA,NA,NA,NA
"8","SALARC","M4",2022,131,166,NA,NA,"QHI",NA,NA,NA,NA,NA,NA,NA,NA,NA,NA,NA,NA,NA,NA,NA,NA,NA,NA,NA,NA,NA,NA,NA,NA,NA,NA,NA,NA,NA,NA,NA,NA,NA,NA,NA,NA,NA,NA,NA,NA,NA,NA,NA
"9","SALARC","F5",2022,131,166,NA,NA,"QHI",NA,NA,NA,NA,NA,NA,NA,NA,NA,NA,NA,NA,NA,NA,NA,NA,NA,NA,NA,NA,NA,NA,NA,NA,NA,NA,NA,NA,NA,NA,NA,NA,NA,NA,NA,NA,NA,NA,NA,NA,NA,NA,NA
"10","SALARC","M5",2022,131,166,194,NA,"QHI",28,NA,NA,NA,NA,NA,NA,NA,NA,NA,NA,NA,NA,NA,NA,NA,NA,NA,NA,NA,NA,NA,NA,NA,NA,NA,NA,NA,NA,NA,NA,NA,NA,NA,NA,NA,NA,NA,NA,NA,NA,NA,NA
"11","SALARC","F6",2022,146,162,NA,NA,"QHI",NA,NA,NA,NA,NA,NA,NA,NA,NA,NA,NA,NA,NA,NA,NA,NA,NA,NA,NA,NA,NA,NA,NA,NA,NA,NA,NA,NA,NA,NA,NA,NA,NA,NA,NA,NA,NA,NA,NA,NA,NA,NA,NA
"12","SALARC","M6",2022,131,162,194,NA,"QHI",32,NA,NA,NA,NA,NA,NA,NA,NA,NA,NA,NA,NA,NA,NA,NA,NA,NA,NA,NA,NA,NA,NA,NA,NA,NA,NA,NA,NA,NA,NA,NA,NA,NA,NA,NA,NA,NA,NA,NA,NA,NA,NA
"13","SALARC","F7",2022,146,162,194,NA,"QHI",32,NA,NA,NA,NA,NA,NA,NA,NA,NA,NA,NA,NA,NA,NA,NA,NA,NA,NA,NA,NA,NA,NA,NA,NA,NA,NA,NA,NA,NA,NA,NA,NA,NA,NA,NA,NA,NA,NA,NA,NA,NA,NA
"14","SALARC","M7",2022,146,150,NA,NA,"QHI",NA,NA,NA,NA,NA,NA,NA,NA,NA,NA,NA,NA,NA,NA,NA,NA,NA,NA,NA,NA,NA,NA,NA,NA,NA,NA,NA,NA,NA,NA,NA,NA,NA,NA,NA,NA,NA,NA,NA,NA,NA,NA,NA
"15","SALARC","F8",2022,131,162,194,NA,"QHI",32,NA,NA,NA,NA,NA,NA,NA,NA,NA,NA,NA,NA,NA,NA,NA,NA,NA,NA,NA,NA,NA,NA,NA,NA,NA,NA,NA,NA,NA,NA,NA,NA,NA,NA,NA,NA,NA,NA,NA,NA,NA,NA
"16","SALARC","M8",2022,131,162,194,NA,"QHI",32,NA,NA,NA,NA,NA,NA,NA,NA,NA,NA,NA,NA,NA,NA,NA,NA,NA,NA,NA,NA,NA,NA,NA,NA,NA,NA,NA,NA,NA,NA,NA,NA,NA,NA,NA,NA,NA,NA,NA,NA,NA,NA
"17","SALARC","F9",2022,143,162,194,NA,"QHI",32,NA,NA,NA,NA,NA,NA,NA,NA,NA,NA,NA,NA,NA,NA,NA,NA,NA,NA,NA,NA,NA,NA,NA,NA,NA,NA,NA,NA,NA,NA,NA,NA,NA,NA,NA,NA,NA,NA,NA,NA,NA,NA
"18","SALARC","M9",2022,143,162,NA,NA,"QHI",NA,NA,NA,NA,NA,NA,NA,NA,NA,NA,NA,NA,NA,NA,NA,NA,NA,NA,NA,NA,NA,NA,NA,NA,NA,NA,NA,NA,NA,NA,NA,NA,NA,NA,NA,NA,NA,NA,NA,NA,NA,NA,NA
"19","SALARC","F10",2022,143,162,194,NA,"QHI",32,NA,NA,NA,NA,NA,NA,NA,NA,NA,NA,NA,NA,NA,NA,NA,NA,NA,NA,NA,NA,NA,NA,NA,NA,NA,NA,NA,NA,NA,NA,NA,NA,NA,NA,NA,NA,NA,NA,NA,NA,NA,NA
"20","SALARC","M10",2022,131,162,194,NA,"QHI",32,NA,NA,NA,NA,NA,NA,NA,NA,NA,NA,NA,NA,NA,NA,NA,NA,NA,NA,NA,NA,NA,NA,NA,NA,NA,NA,NA,NA,NA,NA,NA,NA,NA,NA,NA,NA,NA,NA,NA,NA,NA,NA
"21","SALARC","F1",2019,142,136,NA,NA,"QHI",NA,NA,NA,NA,NA,NA,NA,NA,NA,NA,NA,NA,NA,NA,NA,NA,NA,NA,NA,NA,NA,NA,NA,NA,NA,NA,NA,NA,NA,NA,NA,NA,NA,NA,NA,NA,NA,NA,NA,NA,NA,NA,NA
"22","SALARC","M1",2019,142,133,NA,NA,"QHI",NA,NA,NA,NA,NA,NA,NA,NA,NA,NA,NA,NA,NA,NA,NA,NA,NA,NA,NA,NA,NA,NA,NA,NA,NA,NA,NA,NA,NA,NA,NA,NA,NA,NA,NA,NA,NA,NA,NA,NA,NA,NA,NA
"23","SALARC","F2",2019,142,136,NA,NA,"QHI",NA,NA,NA,NA,NA,NA,NA,NA,NA,NA,NA,NA,NA,NA,NA,NA,NA,NA,NA,NA,NA,NA,NA,NA,NA,NA,NA,NA,NA,NA,NA,NA,NA,NA,NA,NA,NA,NA,NA,NA,NA,NA,NA
"24","SALARC","M2",2019,142,133,196,NA,"QHI",63,NA,NA,NA,NA,NA,NA,NA,NA,NA,NA,NA,NA,NA,NA,NA,NA,NA,NA,NA,NA,NA,NA,NA,NA,NA,NA,NA,NA,NA,NA,NA,NA,NA,NA,NA,NA,NA,NA,NA,NA,NA,NA
"25","SALARC","F3",2019,142,136,NA,NA,"QHI",NA,NA,NA,NA,NA,NA,NA,NA,NA,NA,NA,NA,NA,NA,NA,NA,NA,NA,NA,NA,NA,NA,NA,NA,NA,NA,NA,NA,NA,NA,NA,NA,NA,NA,NA,NA,NA,NA,NA,NA,NA,NA,NA
"26","SALARC","M3",2019,142,136,NA,NA,"QHI",NA,NA,NA,NA,NA,NA,NA,NA,NA,NA,NA,NA,NA,NA,NA,NA,NA,NA,NA,NA,NA,NA,NA,NA,NA,NA,NA,NA,NA,NA,NA,NA,NA,NA,NA,NA,NA,NA,NA,NA,NA,NA,NA
"27","SALARC","F4",2019,142,136,NA,NA,"QHI",NA,NA,NA,NA,NA,NA,NA,NA,NA,NA,NA,NA,NA,NA,NA,NA,NA,NA,NA,NA,NA,NA,NA,NA,NA,NA,NA,NA,NA,NA,NA,NA,NA,NA,NA,NA,NA,NA,NA,NA,NA,NA,NA
"28","SALARC","M4",2019,142,136,NA,NA,"QHI",NA,NA,NA,NA,NA,NA,NA,NA,NA,NA,NA,NA,NA,NA,NA,NA,NA,NA,NA,NA,NA,NA,NA,NA,NA,NA,NA,NA,NA,NA,NA,NA,NA,NA,NA,NA,NA,NA,NA,NA,NA,NA,NA
"29","SALARC","F5",2019,142,136,NA,NA,"QHI",NA,NA,NA,NA,NA,NA,NA,NA,NA,NA,NA,NA,NA,NA,NA,NA,NA,NA,NA,NA,NA,NA,NA,NA,NA,NA,NA,NA,NA,NA,NA,NA,NA,NA,NA,NA,NA,NA,NA,NA,NA,NA,NA
"30","SALARC","M5",2019,142,136,NA,NA,"QHI",NA,NA,NA,NA,NA,NA,NA,NA,NA,NA,NA,NA,NA,NA,NA,NA,NA,NA,NA,NA,NA,NA,NA,NA,NA,NA,NA,NA,NA,NA,NA,NA,NA,NA,NA,NA,NA,NA,NA,NA,NA,NA,NA
"31","SALARC","F6",2019,142,136,NA,NA,"QHI",NA,NA,NA,NA,NA,NA,NA,NA,NA,NA,NA,NA,NA,NA,NA,NA,NA,NA,NA,NA,NA,NA,NA,NA,NA,NA,NA,NA,NA,NA,NA,NA,NA,NA,NA,NA,NA,NA,NA,NA,NA,NA,NA
"32","SALARC","M6",2019,142,136,NA,NA,"QHI",NA,NA,NA,NA,NA,NA,NA,NA,NA,NA,NA,NA,NA,NA,NA,NA,NA,NA,NA,NA,NA,NA,NA,NA,NA,NA,NA,NA,NA,NA,NA,NA,NA,NA,NA,NA,NA,NA,NA,NA,NA,NA,NA
"33","SALARC","F7",2019,142,136,NA,NA,"QHI",NA,NA,NA,NA,NA,NA,NA,NA,NA,NA,NA,NA,NA,NA,NA,NA,NA,NA,NA,NA,NA,NA,NA,NA,NA,NA,NA,NA,NA,NA,NA,NA,NA,NA,NA,NA,NA,NA,NA,NA,NA,NA,NA
"34","SALARC","M7",2019,142,136,NA,NA,"QHI",NA,NA,NA,NA,NA,NA,NA,NA,NA,NA,NA,NA,NA,NA,NA,NA,NA,NA,NA,NA,NA,NA,NA,NA,NA,NA,NA,NA,NA,NA,NA,NA,NA,NA,NA,NA,NA,NA,NA,NA,NA,NA,NA
"35","SALARC","F8",2019,142,142,NA,NA,"QHI",NA,NA,NA,NA,NA,NA,NA,NA,NA,NA,NA,NA,NA,NA,NA,NA,NA,NA,NA,NA,NA,NA,NA,NA,NA,NA,NA,NA,NA,NA,NA,NA,NA,NA,NA,NA,NA,NA,NA,NA,NA,NA,NA
"36","SALARC","M8",2019,139,142,193,NA,"QHI",51,NA,NA,NA,NA,NA,NA,NA,NA,NA,NA,NA,NA,NA,NA,NA,NA,NA,NA,NA,NA,NA,NA,NA,NA,NA,NA,NA,NA,NA,NA,NA,NA,NA,NA,NA,NA,NA,NA,NA,NA,NA,NA
"37","SALARC","F9",2019,139,139,NA,NA,"QHI",NA,NA,NA,NA,NA,NA,NA,NA,NA,NA,NA,NA,NA,NA,NA,NA,NA,NA,NA,NA,NA,NA,NA,NA,NA,NA,NA,NA,NA,NA,NA,NA,NA,NA,NA,NA,NA,NA,NA,NA,NA,NA,NA
"38","SALARC","M9",2019,136,142,NA,NA,"QHI",NA,NA,NA,NA,NA,NA,NA,NA,NA,NA,NA,NA,NA,NA,NA,NA,NA,NA,NA,NA,NA,NA,NA,NA,NA,NA,NA,NA,NA,NA,NA,NA,NA,NA,NA,NA,NA,NA,NA,NA,NA,NA,NA
"39","SALARC","F10",2019,139,142,NA,NA,"QHI",NA,NA,NA,NA,NA,NA,NA,NA,NA,NA,NA,NA,NA,NA,NA,NA,NA,NA,NA,NA,NA,NA,NA,NA,NA,NA,NA,NA,NA,NA,NA,NA,NA,NA,NA,NA,NA,NA,NA,NA,NA,NA,NA
"40","SALARC","M10",2019,139,142,NA,NA,"QHI",NA,NA,NA,NA,NA,NA,NA,NA,NA,NA,NA,NA,NA,NA,NA,NA,NA,NA,NA,NA,NA,NA,NA,NA,NA,NA,NA,NA,NA,NA,NA,NA,NA,NA,NA,NA,NA,NA,NA,NA,NA,NA,NA
"41","SALARC","F1",2018,162,171,211,NA,"QHI",40,NA,NA,NA,NA,NA,NA,NA,NA,NA,NA,NA,NA,NA,NA,NA,NA,NA,NA,NA,NA,NA,NA,NA,NA,NA,NA,NA,NA,NA,NA,NA,NA,NA,NA,NA,NA,NA,NA,NA,NA,NA,NA
"42","SALARC","M1",2018,162,171,205,NA,"QHI",34,NA,NA,NA,NA,NA,NA,NA,NA,NA,NA,NA,NA,NA,NA,NA,NA,NA,NA,NA,NA,NA,NA,NA,NA,NA,NA,NA,NA,NA,NA,NA,NA,NA,NA,NA,NA,NA,NA,NA,NA,NA,NA
"43","SALARC","F2",2018,162,175,201,NA,"QHI",26,NA,NA,NA,NA,NA,NA,NA,NA,NA,NA,NA,NA,NA,NA,NA,NA,NA,NA,NA,NA,NA,NA,NA,NA,NA,NA,NA,NA,NA,NA,NA,NA,NA,NA,NA,NA,NA,NA,NA,NA,NA,NA
"44","SALARC","M2",2018,162,175,213,NA,"QHI",38,NA,NA,NA,NA,NA,NA,NA,NA,NA,NA,NA,NA,NA,NA,NA,NA,NA,NA,NA,NA,NA,NA,NA,NA,NA,NA,NA,NA,NA,NA,NA,NA,NA,NA,NA,NA,NA,NA,NA,NA,NA,NA
"45","SALARC","F3",2018,171,177,205,NA,"QHI",28,NA,NA,NA,NA,NA,NA,NA,NA,NA,NA,NA,NA,NA,NA,NA,NA,NA,NA,NA,NA,NA,NA,NA,NA,NA,NA,NA,NA,NA,NA,NA,NA,NA,NA,NA,NA,NA,NA,NA,NA,NA,NA
"46","SALARC","M3",2018,162,171,205,NA,"QHI",34,NA,NA,NA,NA,NA,NA,NA,NA,NA,NA,NA,NA,NA,NA,NA,NA,NA,NA,NA,NA,NA,NA,NA,NA,NA,NA,NA,NA,NA,NA,NA,NA,NA,NA,NA,NA,NA,NA,NA,NA,NA,NA
"47","SALARC","F4",2018,168,171,NA,NA,"QHI",NA,NA,NA,NA,NA,NA,NA,NA,NA,NA,NA,NA,NA,NA,NA,NA,NA,NA,NA,NA,NA,NA,NA,NA,NA,NA,NA,NA,NA,NA,NA,NA,NA,NA,NA,NA,NA,NA,NA,NA,NA,NA,NA
"48","SALARC","M4",2018,162,183,NA,NA,"QHI",NA,NA,NA,NA,NA,NA,NA,NA,NA,NA,NA,NA,NA,NA,NA,NA,NA,NA,NA,NA,NA,NA,NA,NA,NA,NA,NA,NA,NA,NA,NA,NA,NA,NA,NA,NA,NA,NA,NA,NA,NA,NA,NA
"49","SALARC","F5",2018,168,NA,NA,NA,"QHI",NA,NA,NA,NA,NA,NA,NA,NA,NA,NA,NA,NA,NA,NA,NA,NA,NA,NA,NA,NA,NA,NA,NA,NA,NA,NA,NA,NA,NA,NA,NA,NA,NA,NA,NA,NA,NA,NA,NA,NA,NA,NA,NA
"50","SALARC","M5",2018,168,168,213,NA,"QHI",45,NA,NA,NA,NA,NA,NA,NA,NA,NA,NA,NA,NA,NA,NA,NA,NA,NA,NA,NA,NA,NA,NA,NA,NA,NA,NA,NA,NA,NA,NA,NA,NA,NA,NA,NA,NA,NA,NA,NA,NA,NA,NA
"51","SALARC","F6",2018,162,NA,NA,NA,"QHI",NA,NA,NA,NA,NA,NA,NA,NA,NA,NA,NA,NA,NA,NA,NA,NA,NA,NA,NA,NA,NA,NA,NA,NA,NA,NA,NA,NA,NA,NA,NA,NA,NA,NA,NA,NA,NA,NA,NA,NA,NA,NA,NA
"52","SALARC","M6",2018,162,201,213,NA,"QHI",12,NA,NA,NA,NA,NA,NA,NA,NA,NA,NA,NA,NA,NA,NA,NA,NA,NA,NA,NA,NA,NA,NA,NA,NA,NA,NA,NA,NA,NA,NA,NA,NA,NA,NA,NA,NA,NA,NA,NA,NA,NA,NA
"53","SALARC","F7",2018,162,NA,NA,NA,"QHI",NA,NA,NA,NA,NA,NA,NA,NA,NA,NA,NA,NA,NA,NA,NA,NA,NA,NA,NA,NA,NA,NA,NA,NA,NA,NA,NA,NA,NA,NA,NA,NA,NA,NA,NA,NA,NA,NA,NA,NA,NA,NA,NA
"54","SALARC","M7",2018,162,NA,NA,NA,"QHI",NA,NA,NA,NA,NA,NA,NA,NA,NA,NA,NA,NA,NA,NA,NA,NA,NA,NA,NA,NA,NA,NA,NA,NA,NA,NA,NA,NA,NA,NA,NA,NA,NA,NA,NA,NA,NA,NA,NA,NA,NA,NA,NA
"55","SALARC","F8",2018,162,171,213,NA,"QHI",42,NA,NA,NA,NA,NA,NA,NA,NA,NA,NA,NA,NA,NA,NA,NA,NA,NA,NA,NA,NA,NA,NA,NA,NA,NA,NA,NA,NA,NA,NA,NA,NA,NA,NA,NA,NA,NA,NA,NA,NA,NA,NA
"56","SALARC","M8",2018,162,168,205,NA,"QHI",37,NA,NA,NA,NA,NA,NA,NA,NA,NA,NA,NA,NA,NA,NA,NA,NA,NA,NA,NA,NA,NA,NA,NA,NA,NA,NA,NA,NA,NA,NA,NA,NA,NA,NA,NA,NA,NA,NA,NA,NA,NA,NA
"57","SALARC","F9",2018,168,201,NA,NA,"QHI",NA,NA,NA,NA,NA,NA,NA,NA,NA,NA,NA,NA,NA,NA,NA,NA,NA,NA,NA,NA,NA,NA,NA,NA,NA,NA,NA,NA,NA,NA,NA,NA,NA,NA,NA,NA,NA,NA,NA,NA,NA,NA,NA
"58","SALARC","M9",2018,162,171,NA,NA,"QHI",NA,NA,NA,NA,NA,NA,NA,NA,NA,NA,NA,NA,NA,NA,NA,NA,NA,NA,NA,NA,NA,NA,NA,NA,NA,NA,NA,NA,NA,NA,NA,NA,NA,NA,NA,NA,NA,NA,NA,NA,NA,NA,NA
"59","SALARC","F10",2018,162,171,205,NA,"QHI",34,NA,NA,NA,NA,NA,NA,NA,NA,NA,NA,NA,NA,NA,NA,NA,NA,NA,NA,NA,NA,NA,NA,NA,NA,NA,NA,NA,NA,NA,NA,NA,NA,NA,NA,NA,NA,NA,NA,NA,NA,NA,NA
"60","SALARC","M10",2018,162,168,205,NA,"QHI",37,NA,NA,NA,NA,NA,NA,NA,NA,NA,NA,NA,NA,NA,NA,NA,NA,NA,NA,NA,NA,NA,NA,NA,NA,NA,NA,NA,NA,NA,NA,NA,NA,NA,NA,NA,NA,NA,NA,NA,NA,NA,NA
"61","SALARC","F1",2017,147,159,198,246,"QHI",39,NA,NA,NA,NA,NA,NA,NA,NA,NA,NA,NA,NA,NA,NA,NA,NA,NA,NA,NA,NA,NA,NA,NA,NA,NA,NA,NA,NA,NA,NA,NA,NA,NA,NA,NA,NA,NA,NA,NA,NA,NA,NA
"62","SALARC","M1",2017,147,150,198,183,"QHI",48,NA,NA,NA,NA,NA,NA,NA,NA,NA,NA,NA,NA,NA,NA,NA,NA,NA,NA,NA,NA,NA,NA,NA,NA,NA,NA,NA,NA,NA,NA,NA,NA,NA,NA,NA,NA,NA,NA,NA,NA,NA,NA
"63","SALARC","F2",2017,147,159,238,231,"QHI",79,NA,NA,NA,NA,NA,NA,NA,NA,NA,NA,NA,NA,NA,NA,NA,NA,NA,NA,NA,NA,NA,NA,NA,NA,NA,NA,NA,NA,NA,NA,NA,NA,NA,NA,NA,NA,NA,NA,NA,NA,NA,NA
"64","SALARC","M2",2017,147,153,238,210,"QHI",85,NA,NA,NA,NA,NA,NA,NA,NA,NA,NA,NA,NA,NA,NA,NA,NA,NA,NA,NA,NA,NA,NA,NA,NA,NA,NA,NA,NA,NA,NA,NA,NA,NA,NA,NA,NA,NA,NA,NA,NA,NA,NA
"65","SALARC","F3",2017,147,163,204,228,"QHI",41,NA,NA,NA,NA,NA,NA,NA,NA,NA,NA,NA,NA,NA,NA,NA,NA,NA,NA,NA,NA,NA,NA,NA,NA,NA,NA,NA,NA,NA,NA,NA,NA,NA,NA,NA,NA,NA,NA,NA,NA,NA,NA
"66","SALARC","M3",2017,147,159,198,234,"QHI",39,NA,NA,NA,NA,NA,NA,NA,NA,NA,NA,NA,NA,NA,NA,NA,NA,NA,NA,NA,NA,NA,NA,NA,NA,NA,NA,NA,NA,NA,NA,NA,NA,NA,NA,NA,NA,NA,NA,NA,NA,NA,NA
"67","SALARC","F4",2017,147,156,204,231,"QHI",48,NA,NA,NA,NA,NA,NA,NA,NA,NA,NA,NA,NA,NA,NA,NA,NA,NA,NA,NA,NA,NA,NA,NA,NA,NA,NA,NA,NA,NA,NA,NA,NA,NA,NA,NA,NA,NA,NA,NA,NA,NA,NA
"68","SALARC","M4",2017,147,165,204,238,"QHI",39,NA,NA,NA,NA,NA,NA,NA,NA,NA,NA,NA,NA,NA,NA,NA,NA,NA,NA,NA,NA,NA,NA,NA,NA,NA,NA,NA,NA,NA,NA,NA,NA,NA,NA,NA,NA,NA,NA,NA,NA,NA,NA
"69","SALARC","F5",2017,147,159,204,219,"QHI",45,NA,NA,NA,NA,NA,NA,NA,NA,NA,NA,NA,NA,NA,NA,NA,NA,NA,NA,NA,NA,NA,NA,NA,NA,NA,NA,NA,NA,NA,NA,NA,NA,NA,NA,NA,NA,NA,NA,NA,NA,NA,NA
"70","SALARC","M5",2017,147,NA,238,240,"QHI",NA,NA,NA,NA,NA,NA,NA,NA,NA,NA,NA,NA,NA,NA,NA,NA,NA,NA,NA,NA,NA,NA,NA,NA,NA,NA,NA,NA,NA,NA,NA,NA,NA,NA,NA,NA,NA,NA,NA,NA,NA,NA,NA
"71","SALARC","F6",2017,147,160,238,238,"QHI",78,NA,NA,NA,NA,NA,NA,NA,NA,NA,NA,NA,NA,NA,NA,NA,NA,NA,NA,NA,NA,NA,NA,NA,NA,NA,NA,NA,NA,NA,NA,NA,NA,NA,NA,NA,NA,NA,NA,NA,NA,NA,NA
"72","SALARC","M6",2017,147,163,210,228,"QHI",47,NA,NA,NA,NA,NA,NA,NA,NA,NA,NA,NA,NA,NA,NA,NA,NA,NA,NA,NA,NA,NA,NA,NA,NA,NA,NA,NA,NA,NA,NA,NA,NA,NA,NA,NA,NA,NA,NA,NA,NA,NA,NA
"73","SALARC","F7",2017,147,153,210,228,"QHI",57,NA,NA,NA,NA,NA,NA,NA,NA,NA,NA,NA,NA,NA,NA,NA,NA,NA,NA,NA,NA,NA,NA,NA,NA,NA,NA,NA,NA,NA,NA,NA,NA,NA,NA,NA,NA,NA,NA,NA,NA,NA,NA
"74","SALARC","M7",2017,147,163,238,238,"QHI",75,NA,NA,NA,NA,NA,NA,NA,NA,NA,NA,NA,NA,NA,NA,NA,NA,NA,NA,NA,NA,NA,NA,NA,NA,NA,NA,NA,NA,NA,NA,NA,NA,NA,NA,NA,NA,NA,NA,NA,NA,NA,NA
"75","SALARC","F8",2017,147,159,210,231,"QHI",51,NA,NA,NA,NA,NA,NA,NA,NA,NA,NA,NA,NA,NA,NA,NA,NA,NA,NA,NA,NA,NA,NA,NA,NA,NA,NA,NA,NA,NA,NA,NA,NA,NA,NA,NA,NA,NA,NA,NA,NA,NA,NA
"76","SALARC","M8",2017,147,150,204,228,"QHI",54,NA,NA,NA,NA,NA,NA,NA,NA,NA,NA,NA,NA,NA,NA,NA,NA,NA,NA,NA,NA,NA,NA,NA,NA,NA,NA,NA,NA,NA,NA,NA,NA,NA,NA,NA,NA,NA,NA,NA,NA,NA,NA
"77","SALARC","F9",2017,147,163,204,238,"QHI",41,NA,NA,NA,NA,NA,NA,NA,NA,NA,NA,NA,NA,NA,NA,NA,NA,NA,NA,NA,NA,NA,NA,NA,NA,NA,NA,NA,NA,NA,NA,NA,NA,NA,NA,NA,NA,NA,NA,NA,NA,NA,NA
"78","SALARC","M9",2017,147,150,210,234,"QHI",60,NA,NA,NA,NA,NA,NA,NA,NA,NA,NA,NA,NA,NA,NA,NA,NA,NA,NA,NA,NA,NA,NA,NA,NA,NA,NA,NA,NA,NA,NA,NA,NA,NA,NA,NA,NA,NA,NA,NA,NA,NA,NA
"79","SALARC","F10",2017,147,150,210,229,"QHI",60,NA,NA,NA,NA,NA,NA,NA,NA,NA,NA,NA,NA,NA,NA,NA,NA,NA,NA,NA,NA,NA,NA,NA,NA,NA,NA,NA,NA,NA,NA,NA,NA,NA,NA,NA,NA,NA,NA,NA,NA,NA,NA
"80","SALARC","M10",2017,147,153,189,238,"QHI",36,NA,NA,NA,NA,NA,NA,NA,NA,NA,NA,NA,NA,NA,NA,NA,NA,NA,NA,NA,NA,NA,NA,NA,NA,NA,NA,NA,NA,NA,NA,NA,NA,NA,NA,NA,NA,NA,NA,NA,NA,NA,NA
"81","SALARC","F1",2016,144,156,210,NA,"QHI",54,NA,NA,NA,NA,NA,NA,NA,NA,NA,NA,NA,NA,NA,NA,NA,NA,NA,NA,NA,NA,NA,NA,NA,NA,NA,NA,NA,NA,NA,NA,NA,NA,NA,NA,NA,NA,NA,NA,NA,NA,NA,NA
"82","SALARC","F10",2016,142,156,197,NA,"QHI",41,NA,NA,NA,NA,NA,NA,NA,NA,NA,NA,NA,NA,NA,NA,NA,NA,NA,NA,NA,NA,NA,NA,NA,NA,NA,NA,NA,NA,NA,NA,NA,NA,NA,NA,NA,NA,NA,NA,NA,NA,NA,NA
"83","SALARC","F2",2016,144,159,197,NA,"QHI",38,NA,NA,NA,NA,NA,NA,NA,NA,NA,NA,NA,NA,NA,NA,NA,NA,NA,NA,NA,NA,NA,NA,NA,NA,NA,NA,NA,NA,NA,NA,NA,NA,NA,NA,NA,NA,NA,NA,NA,NA,NA,NA
"84","SALARC","F3",2016,144,159,189,NA,"QHI",30,NA,NA,NA,NA,NA,NA,NA,NA,NA,NA,NA,NA,NA,NA,NA,NA,NA,NA,NA,NA,NA,NA,NA,NA,NA,NA,NA,NA,NA,NA,NA,NA,NA,NA,NA,NA,NA,NA,NA,NA,NA,NA
"85","SALARC","F4",2016,144,159,197,NA,"QHI",38,NA,NA,NA,NA,NA,NA,NA,NA,NA,NA,NA,NA,NA,NA,NA,NA,NA,NA,NA,NA,NA,NA,NA,NA,NA,NA,NA,NA,NA,NA,NA,NA,NA,NA,NA,NA,NA,NA,NA,NA,NA,NA
"86","SALARC","F5",2016,142,166,210,NA,"QHI",44,NA,NA,NA,NA,NA,NA,NA,NA,NA,NA,NA,NA,NA,NA,NA,NA,NA,NA,NA,NA,NA,NA,NA,NA,NA,NA,NA,NA,NA,NA,NA,NA,NA,NA,NA,NA,NA,NA,NA,NA,NA,NA
"87","SALARC","F6",2016,144,159,204,NA,"QHI",45,NA,NA,NA,NA,NA,NA,NA,NA,NA,NA,NA,NA,NA,NA,NA,NA,NA,NA,NA,NA,NA,NA,NA,NA,NA,NA,NA,NA,NA,NA,NA,NA,NA,NA,NA,NA,NA,NA,NA,NA,NA,NA
"88","SALARC","F7",2016,142,156,197,NA,"QHI",41,NA,NA,NA,NA,NA,NA,NA,NA,NA,NA,NA,NA,NA,NA,NA,NA,NA,NA,NA,NA,NA,NA,NA,NA,NA,NA,NA,NA,NA,NA,NA,NA,NA,NA,NA,NA,NA,NA,NA,NA,NA,NA
"89","SALARC","F8",2016,142,156,197,NA,"QHI",41,NA,NA,NA,NA,NA,NA,NA,NA,NA,NA,NA,NA,NA,NA,NA,NA,NA,NA,NA,NA,NA,NA,NA,NA,NA,NA,NA,NA,NA,NA,NA,NA,NA,NA,NA,NA,NA,NA,NA,NA,NA,NA
"90","SALARC","F9",2016,142,156,197,NA,"QHI",41,NA,NA,NA,NA,NA,NA,NA,NA,NA,NA,NA,NA,NA,NA,NA,NA,NA,NA,NA,NA,NA,NA,NA,NA,NA,NA,NA,NA,NA,NA,NA,NA,NA,NA,NA,NA,NA,NA,NA,NA,NA,NA
"91","SALARC","M1",2016,144,159,204,NA,"QHI",45,NA,NA,NA,NA,NA,NA,NA,NA,NA,NA,NA,NA,NA,NA,NA,NA,NA,NA,NA,NA,NA,NA,NA,NA,NA,NA,NA,NA,NA,NA,NA,NA,NA,NA,NA,NA,NA,NA,NA,NA,NA,NA
"92","SALARC","M10",2016,142,159,189,NA,"QHI",30,NA,NA,NA,NA,NA,NA,NA,NA,NA,NA,NA,NA,NA,NA,NA,NA,NA,NA,NA,NA,NA,NA,NA,NA,NA,NA,NA,NA,NA,NA,NA,NA,NA,NA,NA,NA,NA,NA,NA,NA,NA,NA
"93","SALARC","M2",2016,144,156,207,NA,"QHI",51,NA,NA,NA,NA,NA,NA,NA,NA,NA,NA,NA,NA,NA,NA,NA,NA,NA,NA,NA,NA,NA,NA,NA,NA,NA,NA,NA,NA,NA,NA,NA,NA,NA,NA,NA,NA,NA,NA,NA,NA,NA,NA
"94","SALARC","M3",2016,142,159,197,NA,"QHI",38,NA,NA,NA,NA,NA,NA,NA,NA,NA,NA,NA,NA,NA,NA,NA,NA,NA,NA,NA,NA,NA,NA,NA,NA,NA,NA,NA,NA,NA,NA,NA,NA,NA,NA,NA,NA,NA,NA,NA,NA,NA,NA
"95","SALARC","M4",2016,142,NA,NA,NA,"QHI",NA,NA,NA,NA,NA,NA,NA,NA,NA,NA,NA,NA,NA,NA,NA,NA,NA,NA,NA,NA,NA,NA,NA,NA,NA,NA,NA,NA,NA,NA,NA,NA,NA,NA,NA,NA,NA,NA,NA,NA,NA,NA,NA
"96","SALARC","M5",2016,144,177,NA,NA,"QHI",NA,NA,NA,NA,NA,NA,NA,NA,NA,NA,NA,NA,NA,NA,NA,NA,NA,NA,NA,NA,NA,NA,NA,NA,NA,NA,NA,NA,NA,NA,NA,NA,NA,NA,NA,NA,NA,NA,NA,NA,NA,NA,NA
"97","SALARC","M6",2016,144,159,197,NA,"QHI",38,NA,NA,NA,NA,NA,NA,NA,NA,NA,NA,NA,NA,NA,NA,NA,NA,NA,NA,NA,NA,NA,NA,NA,NA,NA,NA,NA,NA,NA,NA,NA,NA,NA,NA,NA,NA,NA,NA,NA,NA,NA,NA
"98","SALARC","M7",2016,142,159,214,NA,"QHI",55,NA,NA,NA,NA,NA,NA,NA,NA,NA,NA,NA,NA,NA,NA,NA,NA,NA,NA,NA,NA,NA,NA,NA,NA,NA,NA,NA,NA,NA,NA,NA,NA,NA,NA,NA,NA,NA,NA,NA,NA,NA,NA
"99","SALARC","M8",2016,142,156,197,NA,"QHI",41,NA,NA,NA,NA,NA,NA,NA,NA,NA,NA,NA,NA,NA,NA,NA,NA,NA,NA,NA,NA,NA,NA,NA,NA,NA,NA,NA,NA,NA,NA,NA,NA,NA,NA,NA,NA,NA,NA,NA,NA,NA,NA
"100","SALARC","M9",2016,142,147,207,NA,"QHI",60,NA,NA,NA,NA,NA,NA,NA,NA,NA,NA,NA,NA,NA,NA,NA,NA,NA,NA,NA,NA,NA,NA,NA,NA,NA,NA,NA,NA,NA,NA,NA,NA,NA,NA,NA,NA,NA,NA,NA,NA,NA,NA
"101","SALARC","F1",2015,137,144,212,223,"QHI",68,NA,NA,NA,NA,NA,NA,NA,NA,NA,NA,NA,NA,NA,NA,NA,NA,NA,NA,NA,NA,NA,NA,NA,NA,NA,NA,NA,NA,NA,NA,NA,NA,NA,NA,NA,NA,NA,NA,NA,NA,NA,NA
"102","SALARC","F10",2015,137,137,212,227,"QHI",75,NA,NA,NA,NA,NA,NA,NA,NA,NA,NA,NA,NA,NA,NA,NA,NA,NA,NA,NA,NA,NA,NA,NA,NA,NA,NA,NA,NA,NA,NA,NA,NA,NA,NA,NA,NA,NA,NA,NA,NA,NA,NA
"103","SALARC","F2",2015,137,141,200,223,"QHI",59,NA,NA,NA,NA,NA,NA,NA,NA,NA,NA,NA,NA,NA,NA,NA,NA,NA,NA,NA,NA,NA,NA,NA,NA,NA,NA,NA,NA,NA,NA,NA,NA,NA,NA,NA,NA,NA,NA,NA,NA,NA,NA
"104","SALARC","F3",2015,137,147,196,233,"QHI",49,NA,NA,NA,NA,NA,NA,NA,NA,NA,NA,NA,NA,NA,NA,NA,NA,NA,NA,NA,NA,NA,NA,NA,NA,NA,NA,NA,NA,NA,NA,NA,NA,NA,NA,NA,NA,NA,NA,NA,NA,NA,NA
"105","SALARC","F4",2015,137,144,212,233,"QHI",68,NA,NA,NA,NA,NA,NA,NA,NA,NA,NA,NA,NA,NA,NA,NA,NA,NA,NA,NA,NA,NA,NA,NA,NA,NA,NA,NA,NA,NA,NA,NA,NA,NA,NA,NA,NA,NA,NA,NA,NA,NA,NA
"106","SALARC","F5",2015,137,137,217,227,"QHI",80,NA,NA,NA,NA,NA,NA,NA,NA,NA,NA,NA,NA,NA,NA,NA,NA,NA,NA,NA,NA,NA,NA,NA,NA,NA,NA,NA,NA,NA,NA,NA,NA,NA,NA,NA,NA,NA,NA,NA,NA,NA,NA
"107","SALARC","F6",2015,137,NA,217,223,"QHI",NA,NA,NA,NA,NA,NA,NA,NA,NA,NA,NA,NA,NA,NA,NA,NA,NA,NA,NA,NA,NA,NA,NA,NA,NA,NA,NA,NA,NA,NA,NA,NA,NA,NA,NA,NA,NA,NA,NA,NA,NA,NA,NA
"108","SALARC","F7",2015,137,137,212,227,"QHI",75,NA,NA,NA,NA,NA,NA,NA,NA,NA,NA,NA,NA,NA,NA,NA,NA,NA,NA,NA,NA,NA,NA,NA,NA,NA,NA,NA,NA,NA,NA,NA,NA,NA,NA,NA,NA,NA,NA,NA,NA,NA,NA
"109","SALARC","F8",2015,137,141,196,227,"QHI",55,NA,NA,NA,NA,NA,NA,NA,NA,NA,NA,NA,NA,NA,NA,NA,NA,NA,NA,NA,NA,NA,NA,NA,NA,NA,NA,NA,NA,NA,NA,NA,NA,NA,NA,NA,NA,NA,NA,NA,NA,NA,NA
"110","SALARC","F9",2015,137,141,200,227,"QHI",59,NA,NA,NA,NA,NA,NA,NA,NA,NA,NA,NA,NA,NA,NA,NA,NA,NA,NA,NA,NA,NA,NA,NA,NA,NA,NA,NA,NA,NA,NA,NA,NA,NA,NA,NA,NA,NA,NA,NA,NA,NA,NA
"111","SALARC","M1",2015,137,144,200,223,"QHI",56,NA,NA,NA,NA,NA,NA,NA,NA,NA,NA,NA,NA,NA,NA,NA,NA,NA,NA,NA,NA,NA,NA,NA,NA,NA,NA,NA,NA,NA,NA,NA,NA,NA,NA,NA,NA,NA,NA,NA,NA,NA,NA
"112","SALARC","M10",2015,137,141,196,227,"QHI",55,NA,NA,NA,NA,NA,NA,NA,NA,NA,NA,NA,NA,NA,NA,NA,NA,NA,NA,NA,NA,NA,NA,NA,NA,NA,NA,NA,NA,NA,NA,NA,NA,NA,NA,NA,NA,NA,NA,NA,NA,NA,NA
"113","SALARC","M2",2015,137,141,200,233,"QHI",59,NA,NA,NA,NA,NA,NA,NA,NA,NA,NA,NA,NA,NA,NA,NA,NA,NA,NA,NA,NA,NA,NA,NA,NA,NA,NA,NA,NA,NA,NA,NA,NA,NA,NA,NA,NA,NA,NA,NA,NA,NA,NA
"114","SALARC","M3",2015,137,141,212,223,"QHI",71,NA,NA,NA,NA,NA,NA,NA,NA,NA,NA,NA,NA,NA,NA,NA,NA,NA,NA,NA,NA,NA,NA,NA,NA,NA,NA,NA,NA,NA,NA,NA,NA,NA,NA,NA,NA,NA,NA,NA,NA,NA,NA
"115","SALARC","M4",2015,137,141,212,233,"QHI",71,NA,NA,NA,NA,NA,NA,NA,NA,NA,NA,NA,NA,NA,NA,NA,NA,NA,NA,NA,NA,NA,NA,NA,NA,NA,NA,NA,NA,NA,NA,NA,NA,NA,NA,NA,NA,NA,NA,NA,NA,NA,NA
"116","SALARC","M5",2015,137,141,196,227,"QHI",55,NA,NA,NA,NA,NA,NA,NA,NA,NA,NA,NA,NA,NA,NA,NA,NA,NA,NA,NA,NA,NA,NA,NA,NA,NA,NA,NA,NA,NA,NA,NA,NA,NA,NA,NA,NA,NA,NA,NA,NA,NA,NA
"117","SALARC","M6",2015,137,141,196,223,"QHI",55,NA,NA,NA,NA,NA,NA,NA,NA,NA,NA,NA,NA,NA,NA,NA,NA,NA,NA,NA,NA,NA,NA,NA,NA,NA,NA,NA,NA,NA,NA,NA,NA,NA,NA,NA,NA,NA,NA,NA,NA,NA,NA
"118","SALARC","M7",2015,137,141,200,227,"QHI",59,NA,NA,NA,NA,NA,NA,NA,NA,NA,NA,NA,NA,NA,NA,NA,NA,NA,NA,NA,NA,NA,NA,NA,NA,NA,NA,NA,NA,NA,NA,NA,NA,NA,NA,NA,NA,NA,NA,NA,NA,NA,NA
"119","SALARC","M8",2015,137,141,217,223,"QHI",76,NA,NA,NA,NA,NA,NA,NA,NA,NA,NA,NA,NA,NA,NA,NA,NA,NA,NA,NA,NA,NA,NA,NA,NA,NA,NA,NA,NA,NA,NA,NA,NA,NA,NA,NA,NA,NA,NA,NA,NA,NA,NA
"120","SALARC","M9",2015,137,141,196,233,"QHI",55,NA,NA,NA,NA,NA,NA,NA,NA,NA,NA,NA,NA,NA,NA,NA,NA,NA,NA,NA,NA,NA,NA,NA,NA,NA,NA,NA,NA,NA,NA,NA,NA,NA,NA,NA,NA,NA,NA,NA,NA,NA,NA
"121","SALARC","F1",2014,150,168,213,234,"QHI",45,NA,NA,NA,NA,NA,NA,NA,NA,NA,NA,NA,NA,NA,NA,NA,NA,NA,NA,NA,NA,NA,NA,NA,NA,NA,NA,NA,NA,NA,NA,NA,NA,NA,NA,NA,NA,NA,NA,NA,NA,NA,NA
"122","SALARC","F10",2014,135,135,216,234,"QHI",81,NA,NA,NA,NA,NA,NA,NA,NA,NA,NA,NA,NA,NA,NA,NA,NA,NA,NA,NA,NA,NA,NA,NA,NA,NA,NA,NA,NA,NA,NA,NA,NA,NA,NA,NA,NA,NA,NA,NA,NA,NA,NA
"123","SALARC","F2",2014,150,166,196,234,"QHI",30,NA,NA,NA,NA,NA,NA,NA,NA,NA,NA,NA,NA,NA,NA,NA,NA,NA,NA,NA,NA,NA,NA,NA,NA,NA,NA,NA,NA,NA,NA,NA,NA,NA,NA,NA,NA,NA,NA,NA,NA,NA,NA
"124","SALARC","F3",2014,156,166,213,234,"QHI",47,NA,NA,NA,NA,NA,NA,NA,NA,NA,NA,NA,NA,NA,NA,NA,NA,NA,NA,NA,NA,NA,NA,NA,NA,NA,NA,NA,NA,NA,NA,NA,NA,NA,NA,NA,NA,NA,NA,NA,NA,NA,NA
"125","SALARC","F4",2014,144,196,213,234,"QHI",17,NA,NA,NA,NA,NA,NA,NA,NA,NA,NA,NA,NA,NA,NA,NA,NA,NA,NA,NA,NA,NA,NA,NA,NA,NA,NA,NA,NA,NA,NA,NA,NA,NA,NA,NA,NA,NA,NA,NA,NA,NA,NA
"126","SALARC","F5",2014,144,166,NA,234,"QHI",NA,NA,NA,NA,NA,NA,NA,NA,NA,NA,NA,NA,NA,NA,NA,NA,NA,NA,NA,NA,NA,NA,NA,NA,NA,NA,NA,NA,NA,NA,NA,NA,NA,NA,NA,NA,NA,NA,NA,NA,NA,NA,NA
"127","SALARC","F6",2014,144,166,231,240,"QHI",65,NA,NA,NA,NA,NA,NA,NA,NA,NA,NA,NA,NA,NA,NA,NA,NA,NA,NA,NA,NA,NA,NA,NA,NA,NA,NA,NA,NA,NA,NA,NA,NA,NA,NA,NA,NA,NA,NA,NA,NA,NA,NA
"128","SALARC","F7",2014,135,153,216,234,"QHI",63,NA,NA,NA,NA,NA,NA,NA,NA,NA,NA,NA,NA,NA,NA,NA,NA,NA,NA,NA,NA,NA,NA,NA,NA,NA,NA,NA,NA,NA,NA,NA,NA,NA,NA,NA,NA,NA,NA,NA,NA,NA,NA
"129","SALARC","F8",2014,135,150,204,234,"QHI",54,NA,NA,NA,NA,NA,NA,NA,NA,NA,NA,NA,NA,NA,NA,NA,NA,NA,NA,NA,NA,NA,NA,NA,NA,NA,NA,NA,NA,NA,NA,NA,NA,NA,NA,NA,NA,NA,NA,NA,NA,NA,NA
"130","SALARC","F9",2014,135,150,225,234,"QHI",75,NA,NA,NA,NA,NA,NA,NA,NA,NA,NA,NA,NA,NA,NA,NA,NA,NA,NA,NA,NA,NA,NA,NA,NA,NA,NA,NA,NA,NA,NA,NA,NA,NA,NA,NA,NA,NA,NA,NA,NA,NA,NA
"131","SALARC","M1",2014,150,159,213,234,"QHI",54,NA,NA,NA,NA,NA,NA,NA,NA,NA,NA,NA,NA,NA,NA,NA,NA,NA,NA,NA,NA,NA,NA,NA,NA,NA,NA,NA,NA,NA,NA,NA,NA,NA,NA,NA,NA,NA,NA,NA,NA,NA,NA
"132","SALARC","M10",2014,135,147,213,234,"QHI",66,NA,NA,NA,NA,NA,NA,NA,NA,NA,NA,NA,NA,NA,NA,NA,NA,NA,NA,NA,NA,NA,NA,NA,NA,NA,NA,NA,NA,NA,NA,NA,NA,NA,NA,NA,NA,NA,NA,NA,NA,NA,NA
"133","SALARC","M2",2014,150,159,231,234,"QHI",72,NA,NA,NA,NA,NA,NA,NA,NA,NA,NA,NA,NA,NA,NA,NA,NA,NA,NA,NA,NA,NA,NA,NA,NA,NA,NA,NA,NA,NA,NA,NA,NA,NA,NA,NA,NA,NA,NA,NA,NA,NA,NA
"134","SALARC","M3",2014,150,166,216,234,"QHI",50,NA,NA,NA,NA,NA,NA,NA,NA,NA,NA,NA,NA,NA,NA,NA,NA,NA,NA,NA,NA,NA,NA,NA,NA,NA,NA,NA,NA,NA,NA,NA,NA,NA,NA,NA,NA,NA,NA,NA,NA,NA,NA
"135","SALARC","M4",2014,144,166,204,234,"QHI",38,NA,NA,NA,NA,NA,NA,NA,NA,NA,NA,NA,NA,NA,NA,NA,NA,NA,NA,NA,NA,NA,NA,NA,NA,NA,NA,NA,NA,NA,NA,NA,NA,NA,NA,NA,NA,NA,NA,NA,NA,NA,NA
"136","SALARC","M5",2014,144,159,204,216,"QHI",45,NA,NA,NA,NA,NA,NA,NA,NA,NA,NA,NA,NA,NA,NA,NA,NA,NA,NA,NA,NA,NA,NA,NA,NA,NA,NA,NA,NA,NA,NA,NA,NA,NA,NA,NA,NA,NA,NA,NA,NA,NA,NA
"137","SALARC","M6",2014,135,153,227,234,"QHI",74,NA,NA,NA,NA,NA,NA,NA,NA,NA,NA,NA,NA,NA,NA,NA,NA,NA,NA,NA,NA,NA,NA,NA,NA,NA,NA,NA,NA,NA,NA,NA,NA,NA,NA,NA,NA,NA,NA,NA,NA,NA,NA
"138","SALARC","M7",2014,135,150,231,234,"QHI",81,NA,NA,NA,NA,NA,NA,NA,NA,NA,NA,NA,NA,NA,NA,NA,NA,NA,NA,NA,NA,NA,NA,NA,NA,NA,NA,NA,NA,NA,NA,NA,NA,NA,NA,NA,NA,NA,NA,NA,NA,NA,NA
"139","SALARC","M8",2014,135,147,183,234,"QHI",36,NA,NA,NA,NA,NA,NA,NA,NA,NA,NA,NA,NA,NA,NA,NA,NA,NA,NA,NA,NA,NA,NA,NA,NA,NA,NA,NA,NA,NA,NA,NA,NA,NA,NA,NA,NA,NA,NA,NA,NA,NA,NA
"140","SALARC","M9",2014,135,150,222,234,"QHI",72,NA,NA,NA,NA,NA,NA,NA,NA,NA,NA,NA,NA,NA,NA,NA,NA,NA,NA,NA,NA,NA,NA,NA,NA,NA,NA,NA,NA,NA,NA,NA,NA,NA,NA,NA,NA,NA,NA,NA,NA,NA,NA
"141","Salix arctica","QHI_1",2019,NA,NA,206,NA,"QHI",NA,1,NA,NA,NA,NA,NA,NA,NA,NA,2019-07-04,2019-07-16,NA,NA,NA,2019-07-25,NA,NA,NA,NA,NA,NA,185,197,NA,NA,NA,NA,NA,NA,NA,NA,NA,NA,NA,NA,NA,NA,NA,NA,NA,NA,NA
"142","Salix arctica","QHI_2",2019,NA,NA,NA,NA,"QHI",NA,2,NA,NA,NA,NA,NA,NA,NA,NA,NA,2019-07-24,NA,NA,NA,NA,NA,NA,NA,NA,NA,NA,NA,205,NA,NA,NA,NA,NA,NA,NA,NA,NA,NA,NA,NA,NA,NA,NA,NA,NA,NA,NA
"143","Salix richardsonii","QHI_14",2019,NA,NA,NA,NA,"QHI",NA,3,NA,NA,NA,NA,NA,NA,2019-06-14,NA,2019-07-03,2019-07-27,NA,NA,NA,NA,NA,NA,NA,NA,165,NA,184,208,NA,NA,NA,NA,43,NA,NA,NA,NA,NA,NA,NA,NA,NA,NA,NA,NA,NA,NA
"144","Salix arctica","QHI_1",2018,NA,175,NA,NA,"QHI",NA,4,2018-06-03,2018-06-07,2018-06-11,NA,NA,NA,NA,2018-06-29,2018-07-12,NA,NA,NA,2018-06-24,NA,NA,158,162,NA,NA,180,193,NA,NA,NA,NA,NA,NA,NA,NA,NA,NA,NA,NA,NA,NA,NA,NA,NA,NA,NA,NA
"145","Salix arctica","QHI_2",2018,NA,NA,NA,NA,"QHI",NA,5,NA,NA,NA,NA,NA,NA,2018-06-16,2018-06-28,2018-07-08,2018-08-03,NA,NA,NA,NA,NA,NA,NA,NA,167,179,189,215,NA,NA,NA,NA,48,NA,NA,NA,NA,NA,NA,NA,NA,NA,NA,NA,NA,NA,NA
"146","Salix pulchra","QHI_3",2018,NA,176,NA,NA,"QHI",NA,6,2018-06-04,2018-06-12,2018-06-14,NA,NA,NA,2018-06-17,2018-07-02,2019-07-19,2018-08-01,NA,NA,2018-06-25,NA,NA,163,165,NA,168,183,200,213,NA,NA,NA,NA,45,NA,NA,NA,NA,NA,NA,NA,NA,NA,NA,NA,NA,NA,NA
"147","Salix richardsonii","QHI_14",2018,NA,177,NA,NA,"QHI",NA,7,NA,2018-07-02,NA,2018-08-30,2018-10-07,NA,2018-06-24,2018-07-01,NA,NA,2018-08-24,2018-09-18,2018-06-26,NA,NA,183,NA,242,175,182,NA,NA,236,261,280,NA,NA,NA,NA,NA,NA,NA,NA,NA,NA,NA,NA,NA,NA,NA,NA
"148","Salix arctica","QHI_5",2018,NA,NA,NA,NA,"QHI",NA,8,NA,NA,NA,NA,NA,NA,2018-06-16,2018-07-02,2018-07-12,NA,NA,NA,NA,NA,NA,NA,NA,NA,167,183,193,NA,NA,NA,NA,NA,NA,NA,NA,NA,NA,NA,NA,NA,NA,NA,NA,NA,NA,NA,NA
"149","Salix pulchra","QHI_6",2018,NA,175,228,254,"QHI",NA,9,2018-06-02,2018-06-12,2018-06-14,2018-09-02,2018-10-04,2018-10-11,2018-06-15,2018-07-18,2018-07-09,NA,2018-09-02,2018-09-22,2018-06-24,2018-08-16,2018-09-11,163,165,245,166,199,190,NA,245,265,277,284,NA,NA,NA,NA,NA,NA,NA,NA,NA,NA,NA,NA,NA,NA,NA
"150","Salix arctica","QHI_1",2017,NA,168,211,247,"QHI",NA,10,NA,2017-05-27,2017-05-30,NA,NA,NA,2017-06-13,2017-06-21,2017-07-05,2017-08-01,2017-08-20,NA,2017-06-17,2017-07-30,2017-09-04,147,150,NA,164,172,186,213,232,NA,NA,NA,49,NA,NA,NA,NA,NA,NA,NA,NA,NA,NA,NA,NA,NA,NA
"151","Salix arctica","QHI_2",2017,NA,162,221,NA,"QHI",NA,11,NA,NA,NA,NA,NA,NA,2017-06-07,2017-06-22,NA,2017-08-01,NA,NA,2017-06-11,2017-08-09,NA,NA,NA,NA,158,173,NA,213,NA,NA,NA,NA,55,NA,NA,NA,NA,NA,NA,NA,NA,NA,NA,NA,NA,NA,NA
"152","Salix pulchra","QHI_3",2017,NA,169,221,246,"QHI",NA,12,2017-05-03,2017-05-16,2017-05-19,NA,NA,NA,NA,NA,NA,2017-07-21,2017-08-14,2017-09-11,2017-06-18,2017-08-09,2017-09-03,136,139,NA,NA,NA,NA,202,226,254,NA,NA,NA,NA,NA,NA,NA,NA,NA,NA,NA,NA,NA,NA,NA,NA,NA
"153","Salix richardsonii","QHI_14",2017,NA,NA,217,NA,"QHI",NA,13,NA,2017-06-04,2017-06-16,NA,NA,NA,2017-06-11,2017-06-25,2017-07-06,2017-08-03,2017-08-25,NA,NA,2017-08-05,NA,155,167,NA,162,176,187,215,237,NA,NA,NA,53,NA,NA,NA,NA,NA,NA,NA,NA,NA,NA,NA,NA,NA,NA
"154","Salix arctica","QHI_5",2017,NA,167,221,NA,"QHI",NA,14,2017-05-04,2017-05-15,2017-05-28,NA,NA,NA,2017-06-06,2017-06-23,2017-07-05,2017-08-01,2017-08-24,NA,2017-06-16,2017-08-09,NA,135,148,NA,157,174,186,213,236,NA,NA,NA,56,NA,NA,NA,NA,NA,NA,NA,NA,NA,NA,NA,NA,NA,NA
"155","Salix pulchra","QHI_6",2017,NA,161,207,236,"QHI",NA,15,2017-05-04,2017-05-17,2017-05-19,NA,NA,NA,2017-06-07,2017-06-19,2017-07-05,2017-07-23,2017-08-24,NA,2017-06-10,2017-07-26,2017-08-24,137,139,NA,158,170,186,204,236,NA,NA,NA,46,NA,NA,NA,NA,NA,NA,NA,NA,NA,NA,NA,NA,NA,NA
"156","Salix arctica","QHI_1",2016,NA,NA,211,NA,"QHI",NA,16,NA,NA,NA,NA,NA,NA,NA,2016-06-21,2016-07-07,2016-07-20,2016-08-23,NA,NA,2016-07-29,NA,NA,NA,NA,NA,173,189,202,236,NA,NA,NA,NA,NA,NA,NA,NA,NA,NA,NA,NA,NA,NA,NA,NA,NA,NA
"157","Salix arctica","QHI_2",2016,NA,NA,211,NA,"QHI",NA,17,NA,NA,NA,NA,NA,NA,NA,NA,NA,2016-07-29,NA,NA,NA,2016-07-29,NA,NA,NA,NA,NA,NA,NA,211,NA,NA,NA,NA,NA,NA,NA,NA,NA,NA,NA,NA,NA,NA,NA,NA,NA,NA,NA
"158","Salix pulchra","QHI_3",2016,NA,NA,NA,NA,"QHI",NA,18,NA,NA,NA,NA,NA,NA,NA,2016-06-27,2016-07-10,2016-07-28,2016-08-18,NA,NA,NA,NA,NA,NA,NA,NA,179,192,210,231,NA,NA,NA,NA,NA,NA,NA,NA,NA,NA,NA,NA,NA,NA,NA,NA,NA,NA
"159","Salix richardsonii","QHI_14",2016,NA,NA,NA,241,"QHI",NA,19,NA,2016-06-25,2016-07-02,NA,NA,NA,NA,2016-06-20,2016-07-05,2016-07-27,2016-08-18,NA,NA,NA,2016-08-28,177,184,NA,NA,172,187,209,231,NA,NA,NA,NA,NA,NA,NA,NA,NA,NA,NA,NA,NA,NA,NA,NA,NA,NA
"160","Salix arctica","QHI_5",2016,NA,NA,211,239,"QHI",NA,20,NA,NA,NA,NA,NA,NA,NA,2016-06-21,2016-07-08,2016-07-28,2016-08-19,NA,NA,2016-07-29,2016-08-26,NA,NA,NA,NA,173,190,210,232,NA,NA,NA,NA,NA,NA,NA,NA,NA,NA,NA,NA,NA,NA,NA,NA,NA,NA
"161","Salix pulchra","QHI_6",2016,NA,NA,NA,239,"QHI",NA,21,NA,NA,NA,NA,NA,NA,NA,NA,2016-07-09,2016-07-26,2016-08-21,NA,NA,NA,2022-08-27,NA,NA,NA,NA,NA,191,208,234,NA,NA,NA,NA,NA,NA,NA,NA,NA,NA,NA,NA,NA,NA,NA,NA,NA,NA
"162","Salix arctica","QHI_1",2022,NA,NA,182,NA,"QHI",NA,22,NA,NA,NA,NA,NA,NA,NA,NA,NA,2022-07-23,NA,NA,NA,2022-07-01,NA,NA,NA,NA,NA,NA,NA,204,NA,NA,NA,NA,NA,NA,NA,NA,NA,NA,NA,NA,NA,NA,NA,NA,NA,NA,NA
"163","Salix arctica","QHI_2",2022,NA,NA,182,NA,"QHI",NA,23,NA,NA,NA,NA,NA,NA,NA,NA,NA,2022-07-26,NA,NA,NA,2022-07-01,NA,NA,NA,NA,NA,NA,NA,207,NA,NA,NA,NA,NA,NA,NA,NA,NA,NA,NA,NA,NA,NA,NA,NA,NA,NA,NA
"164","Salix pulchra","QHI_3",2022,NA,NA,182,NA,"QHI",NA,24,NA,NA,NA,NA,NA,NA,NA,NA,NA,2022-07-21,NA,NA,NA,2022-07-01,NA,NA,NA,NA,NA,NA,NA,202,NA,NA,NA,NA,NA,NA,NA,NA,NA,NA,NA,NA,NA,NA,NA,NA,NA,NA,NA
"165","Salix richardsonii","QHI_4",2022,NA,NA,182,NA,"QHI",NA,25,NA,NA,NA,NA,NA,NA,NA,NA,NA,2022-07-25,NA,NA,NA,2022-07-01,NA,NA,NA,NA,NA,NA,NA,206,NA,NA,NA,NA,NA,NA,NA,NA,NA,NA,NA,NA,NA,NA,NA,NA,NA,NA,NA
"166","Salix arctica","QHI_5",2022,NA,NA,212,NA,"QHI",NA,26,NA,NA,NA,NA,NA,NA,NA,NA,NA,2022-08-02,NA,NA,NA,2022-07-31,NA,NA,NA,NA,NA,NA,NA,214,NA,NA,NA,NA,NA,NA,NA,NA,NA,NA,NA,NA,NA,NA,NA,NA,NA,NA,NA
"167","Salix pulchra","QHI_6",2022,NA,NA,201,NA,"QHI",NA,27,NA,NA,NA,NA,NA,NA,NA,NA,NA,2022-07-31,NA,NA,NA,2022-07-20,NA,NA,NA,NA,NA,NA,NA,212,NA,NA,NA,NA,NA,NA,NA,NA,NA,NA,NA,NA,NA,NA,NA,NA,NA,NA,NA
"168","Salix richardsonii","QHI_7",2022,NA,NA,209,NA,"QHI",NA,28,NA,NA,NA,NA,NA,NA,NA,NA,NA,2022-07-28,NA,NA,NA,2022-07-28,NA,NA,NA,NA,NA,NA,NA,209,NA,NA,NA,NA,NA,NA,NA,NA,NA,NA,NA,NA,NA,NA,NA,NA,NA,NA,NA
"169","Salix richardsonii","QHI_9",2022,NA,NA,203,NA,"QHI",NA,29,NA,NA,NA,NA,NA,NA,NA,NA,NA,2022-07-24,NA,NA,NA,2022-07-22,NA,NA,NA,NA,NA,NA,NA,205,NA,NA,NA,NA,NA,NA,NA,NA,NA,NA,NA,NA,NA,NA,NA,NA,NA,NA,NA
"170","Salix arctica","QHI_10",2022,NA,NA,207,NA,"QHI",NA,30,NA,NA,NA,NA,NA,NA,NA,NA,NA,2022-08-04,NA,NA,NA,2022-07-26,NA,NA,NA,NA,NA,NA,NA,216,NA,NA,NA,NA,NA,NA,NA,NA,NA,NA,NA,NA,NA,NA,NA,NA,NA,NA,NA
"171","Salix richardsonii","QHI_11",2022,NA,NA,NA,NA,"QHI",NA,31,NA,NA,NA,NA,NA,NA,NA,NA,NA,2022-07-26,NA,NA,NA,NA,NA,NA,NA,NA,NA,NA,NA,207,NA,NA,NA,NA,NA,NA,NA,NA,NA,NA,NA,NA,NA,NA,NA,NA,NA,NA,NA
"172","Salix pulchra","QHI_12",2022,NA,NA,208,NA,"QHI",NA,32,NA,NA,NA,NA,NA,NA,NA,NA,NA,2022-07-28,NA,NA,NA,2022-07-27,NA,NA,NA,NA,NA,NA,NA,209,NA,NA,NA,NA,NA,NA,NA,NA,NA,NA,NA,NA,NA,NA,NA,NA,NA,NA,NA
"173","Salix arctica","QHI_13",2022,NA,NA,215,NA,"QHI",NA,33,NA,NA,NA,NA,NA,NA,NA,NA,NA,2022-07-27,NA,NA,NA,2022-08-03,NA,NA,NA,NA,NA,NA,NA,208,NA,NA,NA,NA,NA,NA,NA,NA,NA,NA,NA,NA,NA,NA,NA,NA,NA,NA,NA
"174","Salix richardsonii","QHI_14",2022,NA,NA,210,NA,"QHI",NA,34,NA,NA,NA,NA,NA,NA,NA,NA,NA,2022-08-07,NA,NA,NA,2022-07-29,NA,NA,NA,NA,NA,NA,NA,219,NA,NA,NA,NA,NA,NA,NA,NA,NA,NA,NA,NA,NA,NA,NA,NA,NA,NA,NA
"175","Salix pulchra","QHI_15",2022,NA,NA,215,NA,"QHI",NA,35,NA,NA,NA,NA,NA,NA,NA,NA,NA,2022-08-02,NA,NA,NA,2022-08-03,NA,NA,NA,NA,NA,NA,NA,214,NA,NA,NA,NA,NA,NA,NA,NA,NA,NA,NA,NA,NA,NA,NA,NA,NA,NA,NA
"176","Salix arctica","QHI_18",2022,NA,NA,208,NA,"QHI",NA,36,NA,NA,NA,NA,NA,NA,NA,NA,NA,NA,NA,NA,NA,2022-07-27,NA,NA,NA,NA,NA,NA,NA,NA,NA,NA,NA,NA,NA,NA,NA,NA,NA,NA,NA,NA,NA,NA,NA,NA,NA,NA,NA
"177","Salix arctica","QHI_19",2022,NA,NA,212,NA,"QHI",NA,37,NA,NA,NA,NA,NA,NA,NA,NA,NA,2022-07-28,NA,NA,NA,2022-07-31,NA,NA,NA,NA,NA,NA,NA,209,NA,NA,NA,NA,NA,NA,NA,NA,NA,NA,NA,NA,NA,NA,NA,NA,NA,NA,NA
"178","Salix arctica","QHI_20",2022,NA,NA,NA,NA,"QHI",NA,38,NA,NA,NA,NA,NA,NA,NA,NA,NA,2022-07-26,NA,NA,NA,NA,NA,NA,NA,NA,NA,NA,NA,207,NA,NA,NA,NA,NA,NA,NA,NA,NA,NA,NA,NA,NA,NA,NA,NA,NA,NA,NA
"179","Salix pulchra",NA,2021,NA,NA,201,255,"KP",NA,39,NA,NA,NA,2021-08-28,NA,2021-08-29,NA,NA,NA,2021-07-20,2021-08-18,2021-09-14,NA,2021-07-20,2021-09-12,NA,NA,240,NA,NA,NA,201,230,257,NA,NA,NA,1,1,"KP1-2021","Bottom half of image : plateau, top half : mountains in distance, thin strip of sky at the top. Gradually more sky in image until camera gets covered in snow in Nov. 2021. Between December 7 and 20 viewshed shows 2/3 plateau and a branch blocking the rest of the image. From Dec. 20 on, camera blocked by snow.","photos start 24 June 2021. Early photos (in late June) show Dryas flowers in bottom right corner, but disappear from view by June 27. Unclear if viewshed moved. Gap in photos July 6 to 20? Camera knocked askew sometime between November 17 and December 7",NA,NA,NA,NA,NA,NA,NA,NA,NA
"180","Salix pulchra",NA,2021,NA,NA,200,223,"KP",NA,40,NA,NA,NA,2021-08-28,NA,2021-08-28,NA,NA,NA,2021-07-19,2021-08-23,2021-09-19,NA,2021-07-19,2021-08-11,NA,NA,240,NA,NA,NA,200,235,262,NA,NA,NA,2,2,"KP2-2021","Bottom 2/3 of image is plateau, top 1/3 is lake in distance.","Lens very cloud after 7 August 2021, did not take photos at initial set up. Photos start 6 July 2021",NA,NA,NA,NA,NA,NA,NA,NA,NA
"181","Salix richardsonii",NA,2021,NA,NA,202,239,"KP",NA,41,NA,NA,NA,2021-08-28,NA,2021-08-29,NA,NA,2021-07-08,2021-07-18,2021-08-20,2021-09-20,NA,2021-07-21,2021-08-27,NA,NA,240,NA,NA,189,199,232,263,NA,NA,NA,3,3,"KP7-2021","Shows shrub in foreground with a bit of lake at the top. Starting August 29, shows only ground and a bit of a shrub. Covered in snow intermittently Oct.-Dec.","did not take photos at initial set up. Photos start 6 July 2021.",NA,NA,NA,NA,NA,NA,NA,NA,NA
"182","Salix richardsonii",NA,2021,NA,NA,199,255,"KP",NA,42,NA,NA,NA,2021-08-28,NA,2021-09-27,NA,NA,2021-07-07,2021-07-28,2021-08-21,2021-09-11,NA,2021-07-18,2021-09-12,NA,NA,240,NA,NA,188,209,233,254,NA,NA,NA,4,4,"KP3-2021","24 June-22 July : 3/4 of image is plateau ground, top 1/4 is lake in distance. 23-28 July : image mostly shows mountain and sky in distance. From 28 July : most of image is plateau ground with a thin strip at the top showing mountain in distance.","photos start 24 June 2021. Camera covered in snow Nov. 17-Dec 7, then from Dec. 21.",NA,NA,NA,NA,NA,NA,NA,NA,NA
"183","Salix pulchra",NA,2021,NA,NA,223,NA,"KP",NA,43,NA,NA,NA,2021-08-28,NA,2021-08-29,NA,NA,NA,2021-08-02,2021-08-21,2021-09-19,NA,2021-08-11,NA,NA,NA,240,NA,NA,NA,214,233,262,NA,NA,NA,5,5,"KP5-2021","Starts out with plateau beign 2/3 of image and mountains in distance+sky filling the remaining 1/3. Camera angle pushed downwards 29 August, only showing plateau ground. Blocked by snow starting Oct. 1st.","Photos start July 28",NA,NA,NA,NA,NA,NA,NA,NA,NA
"184","Salix richardsonii",NA,2021,NA,NA,193,251,"KP",NA,44,NA,NA,NA,2021-08-28,NA,2021-09-21,NA,NA,2021-07-07,2021-08-02,2021-08-26,2021-09-12,NA,2021-07-12,2021-09-08,NA,NA,240,NA,NA,188,214,238,255,NA,NA,NA,6,6,"KP9-2021","Shows shrub in foreground, a few shrubs in the background and a strip of ground in between.","from 10-20 July 2021 camera is facing the sky, did not take photos at initial set up. Photos start 6 July 2021",NA,NA,NA,NA,NA,NA,NA,NA,NA
"185","Salix pulchra",NA,2021,NA,NA,225,256,"KP",NA,45,NA,NA,NA,2021-08-28,NA,2021-09-28,NA,NA,NA,2021-08-04,2021-08-27,2021-09-09,NA,2021-08-13,2021-09-13,NA,NA,240,NA,NA,NA,216,239,252,NA,NA,NA,7,7,"KP4-2021","Image consistently shows mostly plateau with a thin strip at the top showing lake and valley in distance.","did not take photos at initial set up. Photos start 6 July 2021",NA,NA,NA,NA,NA,NA,NA,NA,NA
"186","Salix richardsonii",NA,2021,NA,NA,215,246,"KP",NA,46,NA,NA,2021-06-26,2021-08-28,NA,2021-10-03,NA,2021-06-27,2021-07-06,2021-08-10,2021-08-25,2021-09-05,NA,2021-08-03,2021-09-03,NA,177,240,NA,178,187,222,237,248,NA,NA,NA,8,8,"KP6-2021","Until July 6, shows mostly a shrub with plateau ground. From July 6, shows a shrub in the foreground and top 1/3 of image is mountain/lake/sky. From 28 Sept., image shows ground and a lower plateau ridge. Camera under snow Nov. 15-Dec. 1 and intermittently in December.","photos start 24 June 2021",NA,NA,NA,NA,NA,NA,NA,NA,NA
"187","Salix richardsonii",NA,2021,NA,NA,216,246,"KP",NA,47,NA,NA,NA,2021-08-28,NA,2021-09-21,NA,NA,2021-07-09,2021-08-08,2021-08-24,2021-09-08,NA,2021-08-04,2021-09-03,NA,NA,240,NA,NA,190,220,236,251,NA,NA,NA,9,9,"KP8-2021","Image shows 2 shrubs with some ground in between and top quarter of image is lake and valley. July 8-20 camera is pointed at the ground. July 21 on the camera shows one bush in the middle, ground around and a bit of the valley at the top of the image","did not take photos at initial set up. Photos start 6 July 2021",NA,NA,NA,NA,NA,NA,NA,NA,NA
"188","Salix pulchra",NA,2022,NA,NA,NA,NA,"KP",NA,48,NA,2022-06-18,2022-06-23,NA,NA,NA,2022-06-22,2022-06-27,2022-07-07,2022-08-13,NA,NA,2022-06-23,NA,NA,169,174,NA,173,178,188,225,NA,NA,NA,NA,52,10,10,"KP1-2021","Blocked by snow until June 1st. Shows only ground until June 22. Then 3/4 of image is the plateau and the top 1/4 is the valley in the distance.","Frame very crooked until June 22. Pictures end August 15th so no info on snow at end of season",2022-06-22,"(green lower on the plateau in the distance)",174,173,NA,NA,NA,NA,NA
"189","Salix pulchra",NA,2022,NA,NA,226,NA,"KP",NA,49,NA,NA,NA,NA,NA,NA,NA,2022-06-23,2022-07-05,2022-08-14,NA,NA,2022-06-22,2022-08-14,NA,NA,NA,NA,NA,174,186,226,NA,NA,NA,NA,NA,11,11,"KP2-2021","Bottom 2/3 of image is plateau, top 1/3 is lake in distance.","Did not record Nov. 13 2021 to June 22 2022, so snowmelt data NA.",NA,"(First picture on June 22 already shows much green)",173,NA,NA,NA,NA,NA,NA
"190","Salix richardsonii",NA,2022,NA,NA,224,NA,"KP",NA,50,NA,2022-06-15,2022-06-16,NA,NA,NA,2022-06-21,2022-06-26,2022-07-08,2022-08-02,NA,NA,2022-06-19,2022-08-12,NA,166,167,NA,172,177,189,214,NA,NA,NA,NA,42,12,12,"KP7-2021","Only shows snow (and sometimes a branch) until June 1. Then, shows ground with the bottom of a shrub at the top of the image.",NA,2022-06-21,"(buds)",170,172,NA,NA,NA,NA,NA
"191","Salix richardsonii",NA,2022,NA,NA,208,NA,"KP",NA,51,NA,2022-06-21,NA,NA,NA,NA,2022-06-24,2022-06-28,2022-07-08,2022-07-30,NA,NA,2022-06-23,2022-07-27,NA,172,NA,NA,175,179,189,211,NA,NA,NA,NA,36,13,13,"KP3-2021","Blocked by snow until June 3rd. Image mostly shows plateau ground with a thin strip of mountainous landscape at the top.",NA,2022-06-24,"(green on bushes in foreground)",174,175,NA,NA,NA,NA,NA
"192","Salix pulchra",NA,2022,NA,NA,NA,NA,"KP",NA,52,NA,2022-06-17,2022-06-18,NA,NA,NA,2022-06-19,2022-06-27,2022-07-09,2022-08-02,2022-08-15,NA,2022-06-26,NA,NA,168,169,NA,170,178,190,214,227,NA,NA,NA,44,14,14,"KP5-2021","Blocked by snow until June 12. Camera pointed directly towards ground. Moved further away from ground on June 22; still only shows ground, just less close up.",NA,2022-06-19,"(green blades of grass)",177,170,NA,NA,NA,NA,NA
"193","Salix richardsonii",NA,2022,NA,NA,NA,NA,"KP",NA,53,NA,2022-06-18,2022-06-19,NA,NA,NA,2022-06-22,2022-06-27,2022-07-05,2022-08-10,NA,NA,2022-06-24,NA,NA,169,170,NA,173,178,186,222,NA,NA,NA,NA,49,15,15,"KP9-2021","Only snow visible Oct 31-Jun 12. Camera pointed towards grounds.",NA,2022-06-22,"(green blades of grass)",175,173,NA,NA,NA,NA,NA
"194","Salix pulchra",NA,2022,NA,NA,226,NA,"KP",NA,54,NA,2022-06-19,2022-06-21,NA,NA,NA,2022-06-24,2022-06-28,2022-07-03,2022-08-15,NA,NA,2022-06-24,2022-08-14,NA,170,172,NA,175,179,184,227,NA,NA,NA,NA,52,16,16,"KP4-2021","Blocked by snow until Jan. 22, then again 21-27 March and 9 April-2 June. Shows mostly plateau ground between these dates. 3-7 June, shows 1/3 plateau ground, 1/3 mountains in distance, 1/3 sky. Pointed directly at plateau ground 8-26 June.","Frame very askew 8-26 June",2022-06-24,"(grass starting to green, one bud in foreground)",175,175,NA,NA,NA,NA,NA
"195","Salix richardsonii",NA,2022,NA,NA,NA,NA,"KP",NA,55,NA,2022-06-26,NA,NA,NA,NA,2022-06-26,NA,NA,NA,NA,NA,2022-06-25,NA,NA,177,NA,NA,177,NA,NA,NA,NA,NA,NA,NA,NA,17,17,"KP6-2021","Blocked by snow until Jan. 22, then again 21 March to 7 June. Bottom half is plateau and Salix sp. Shrub, top half is lake/mountain/sky","Knocked askew sometime between March 21 and June 7",2022-06-26,"(buds)",176,177,NA,NA,NA,NA,NA
"196","Salix richardsonii",NA,2022,NA,NA,NA,NA,"KP",NA,56,NA,2022-06-21,2022-06-22,NA,NA,NA,2022-06-17,2022-06-26,2022-07-07,2022-08-15,NA,NA,2022-06-27,NA,NA,172,173,NA,168,177,188,227,NA,NA,NA,NA,59,18,18,"KP8-2021","Facing towards the ground",NA,2022-06-17,"(blades of green grass)",178,168,NA,NA,NA,NA,NA
"197","Salix arctica","CG1-2021",2021,NA,NA,NA,NA,"Southern",NA,57,NA,NA,NA,2021-09-27,NA,2021-10-10,NA,NA,NA,2021-08-15,NA,NA,NA,NA,NA,NA,NA,270,NA,NA,NA,227,NA,NA,NA,283,NA,NA,NA,NA,NA,NA,NA,NA,NA,NA,"PC17SA1",NA,2021-08-31,NA,243
"198","Salix arctica","CG1-2021",2021,NA,NA,NA,NA,"Southern",NA,58,NA,NA,NA,2021-09-27,NA,2021-10-10,NA,NA,NA,2021-08-12,NA,NA,NA,NA,NA,NA,NA,270,NA,NA,NA,224,NA,NA,NA,283,NA,NA,NA,NA,NA,NA,NA,NA,NA,NA,"PC16CESA2",NA,2021-08-26,NA,238
"199","Salix arctica","CG1-2021",2021,NA,NA,NA,NA,"Southern",NA,59,NA,NA,NA,2021-09-27,NA,2021-10-10,NA,NA,NA,2021-08-11,NA,NA,NA,NA,NA,NA,NA,270,NA,NA,NA,223,NA,NA,NA,283,NA,NA,NA,NA,NA,NA,NA,NA,NA,NA,"KP18SA2",NA,2021-08-17,NA,229
"200","Salix arctica","CG1-2021",2021,NA,NA,NA,NA,"Northern",NA,60,NA,NA,NA,2021-09-27,NA,2021-10-10,NA,NA,NA,NA,NA,NA,NA,NA,NA,NA,NA,270,NA,NA,NA,NA,NA,NA,NA,283,NA,NA,NA,NA,NA,NA,NA,NA,NA,NA,"H17SA8",NA,NA,NA,NA
"201","Salix arctica","CG1-2021",2021,NA,NA,NA,NA,"Northern",NA,61,NA,NA,NA,2021-09-27,NA,2021-10-10,NA,NA,NA,2021-07-14,NA,NA,NA,NA,NA,NA,NA,270,NA,NA,NA,195,NA,NA,NA,283,NA,NA,NA,NA,NA,NA,NA,NA,NA,NA,"HE16SA3",NA,2021-07-31,NA,212
"202","Salix arctica","CG1-2021",2021,NA,NA,NA,NA,"Northern",NA,62,NA,NA,NA,2021-09-27,NA,2021-10-10,NA,NA,NA,2021-07-22,NA,NA,NA,NA,NA,NA,NA,270,NA,NA,NA,203,NA,NA,NA,283,NA,NA,NA,NA,NA,NA,NA,NA,NA,NA,"H17SA6",NA,2021-08-09,NA,221
"203","Salix arctica","CG1-2021",2021,NA,NA,NA,NA,"Northern",NA,63,NA,NA,NA,2021-09-27,NA,2021-10-10,NA,NA,NA,2021-08-05,NA,NA,NA,NA,NA,NA,NA,270,NA,NA,NA,217,NA,NA,NA,283,NA,NA,NA,NA,NA,NA,NA,NA,NA,NA,"H17SA10",NA,2021-08-19,NA,231
"204","Salix arctica","CG1-2021",2021,NA,NA,NA,NA,"Northern",NA,64,NA,NA,NA,2021-09-27,NA,2021-10-10,NA,NA,NA,2021-07-25,NA,NA,NA,NA,NA,NA,NA,270,NA,NA,NA,206,NA,NA,NA,283,NA,NA,NA,NA,NA,NA,NA,NA,NA,NA,"H17SA9",NA,2021-08-10,NA,222
"205","Salix arctica","CG1-2021",2022,NA,NA,NA,NA,"Southern",NA,65,NA,NA,NA,NA,NA,NA,NA,NA,NA,NA,NA,NA,NA,NA,NA,NA,NA,NA,NA,NA,NA,NA,NA,NA,NA,NA,NA,NA,NA,NA,NA,NA,NA,NA,NA,NA,"PC17SA1",NA,NA,NA,NA
"206","Salix arctica","CG1-2021",2022,NA,NA,NA,NA,"Southern",NA,66,NA,NA,NA,NA,NA,NA,NA,NA,NA,NA,NA,NA,NA,NA,NA,NA,NA,NA,NA,NA,NA,NA,NA,NA,NA,NA,NA,NA,NA,NA,NA,NA,NA,NA,NA,NA,"PC16CESA2",NA,NA,NA,NA
"207","Salix arctica","CG1-2021",2022,NA,NA,NA,NA,"Southern",NA,67,NA,NA,NA,NA,NA,NA,NA,NA,NA,NA,NA,NA,NA,NA,NA,NA,NA,NA,NA,NA,NA,NA,NA,NA,NA,NA,NA,NA,NA,NA,NA,NA,NA,NA,NA,NA,"KP18SA2",NA,NA,NA,NA
"208","Salix arctica","CG1-2021",2022,NA,NA,NA,NA,"Northern",NA,68,NA,NA,NA,NA,NA,NA,NA,NA,NA,NA,NA,NA,NA,NA,NA,NA,NA,NA,NA,NA,NA,NA,NA,NA,NA,NA,NA,NA,NA,NA,NA,NA,NA,NA,NA,NA,"H17SA8",NA,NA,NA,NA
"209","Salix arctica","CG1-2021",2022,NA,NA,NA,NA,"Northern",NA,69,NA,NA,NA,NA,NA,NA,NA,NA,NA,NA,NA,NA,NA,NA,NA,NA,NA,NA,NA,NA,NA,NA,NA,NA,NA,NA,NA,NA,NA,NA,NA,NA,NA,NA,NA,NA,"HE16SA3",NA,NA,NA,NA
"210","Salix arctica","CG1-2021",2022,NA,NA,NA,NA,"Northern",NA,70,NA,NA,NA,NA,NA,NA,NA,NA,NA,NA,NA,NA,NA,NA,NA,NA,NA,NA,NA,NA,NA,NA,NA,NA,NA,NA,NA,NA,NA,NA,NA,NA,NA,NA,NA,NA,"H17SA6",NA,NA,NA,NA
"211","Salix arctica","CG1-2021",2022,NA,NA,NA,NA,"Northern",NA,71,NA,NA,NA,NA,NA,NA,NA,NA,NA,NA,NA,NA,NA,NA,NA,NA,NA,NA,NA,NA,NA,NA,NA,NA,NA,NA,NA,NA,NA,NA,NA,NA,NA,NA,NA,NA,"H17SA10",NA,NA,NA,NA
"212","Salix arctica","CG1-2021",2022,NA,NA,NA,NA,"Northern",NA,72,NA,NA,NA,NA,NA,NA,NA,NA,NA,NA,NA,NA,NA,NA,NA,NA,NA,NA,NA,NA,NA,NA,NA,NA,NA,NA,NA,NA,NA,NA,NA,NA,NA,NA,NA,NA,"H17SA9",NA,NA,NA,NA
"213","Salix richardsonii","CG2-2021",2021,NA,NA,NA,NA,"Northern",NA,73,NA,NA,NA,2021-10-03,NA,2021-10-03,NA,NA,NA,2021-06-29,NA,NA,NA,NA,NA,NA,NA,276,NA,NA,NA,180,NA,NA,NA,276,NA,NA,NA,NA,NA,NA,NA,NA,NA,NA,"H17SR9",NA,2021-07-27,NA,208
"214","Salix richardsonii","CG2-2021",2022,NA,NA,NA,NA,"Northern",NA,74,NA,2022-04-24,2022-04-24,NA,NA,NA,2022-05-06,NA,NA,2022-06-19,NA,NA,NA,NA,NA,114,114,NA,126,NA,NA,170,NA,NA,NA,NA,44,NA,NA,NA,NA,NA,NA,NA,NA,NA,"H17SR9",2022-04-23,2022-08-12,113,224
"215","Salix arctica","CG3-2021",2021,NA,NA,NA,NA,"Northern",NA,75,NA,NA,NA,2021-09-27,NA,2021-10-12,NA,NA,NA,2021-07-18,NA,NA,NA,NA,NA,NA,NA,270,NA,NA,NA,199,NA,NA,NA,285,NA,NA,NA,NA,NA,NA,NA,NA,NA,NA,"H15SA14",NA,NA,NA,NA
"216","Salix arctica","CG3-2021",2021,NA,NA,NA,NA,"Northern",NA,76,NA,NA,NA,2021-09-27,NA,2021-10-12,NA,NA,NA,2021-07-11,NA,NA,NA,NA,NA,NA,NA,270,NA,NA,NA,192,NA,NA,NA,285,NA,NA,NA,NA,NA,NA,NA,NA,NA,NA,"H17SA20",NA,2021-08-15,NA,227
"217","Salix arctica","CG3-2021",2021,NA,NA,NA,NA,"Southern",NA,77,NA,NA,NA,2021-09-27,NA,2021-10-12,NA,NA,NA,2021-07-31,NA,NA,NA,NA,NA,NA,NA,270,NA,NA,NA,212,NA,NA,NA,285,NA,NA,NA,NA,NA,NA,NA,NA,NA,NA,"K15PSA8",NA,2021-08-30,NA,242
"218","Salix arctica","CG3-2021",2021,NA,NA,NA,NA,"Northern",NA,78,NA,NA,NA,2021-09-27,NA,2021-10-12,NA,NA,NA,2021-07-05,NA,NA,NA,NA,NA,NA,NA,270,NA,NA,NA,186,NA,NA,NA,285,NA,NA,NA,NA,NA,NA,NA,NA,NA,NA,"H15SA7",NA,2021-07-28,NA,209
"219","Salix arctica","CG3-2021",2021,NA,NA,NA,NA,"Southern",NA,79,NA,NA,NA,2021-09-27,NA,2021-10-12,NA,NA,NA,2021-06-27,NA,NA,NA,NA,NA,NA,NA,270,NA,NA,NA,178,NA,NA,NA,285,NA,NA,NA,NA,NA,NA,NA,NA,NA,NA,"K15PSA7",NA,2021-08-11,NA,223
"220","Salix arctica","CG3-2021",2021,NA,NA,NA,NA,"Southern",NA,80,NA,NA,NA,2021-09-27,NA,2021-10-12,NA,NA,NA,NA,NA,NA,NA,NA,NA,NA,NA,270,NA,NA,NA,NA,NA,NA,NA,285,NA,NA,NA,NA,NA,NA,NA,NA,NA,NA,"K15PSA2",NA,NA,NA,NA
"221","Salix arctica","CG3-2021",2021,NA,NA,NA,NA,"Northern",NA,81,NA,NA,NA,2021-09-27,NA,2021-10-12,NA,NA,NA,NA,NA,NA,NA,NA,NA,NA,NA,270,NA,NA,NA,NA,NA,NA,NA,285,NA,NA,NA,NA,NA,NA,NA,NA,NA,NA,"H17SA17",NA,NA,NA,NA
"222","Salix arctica","CG3-2021",2021,NA,NA,NA,NA,"Southern",NA,82,NA,NA,NA,2021-09-27,NA,2021-10-12,NA,NA,NA,NA,NA,NA,NA,NA,NA,NA,NA,270,NA,NA,NA,NA,NA,NA,NA,285,NA,NA,NA,NA,NA,NA,NA,NA,NA,NA,"KP17SA9",NA,NA,NA,NA
"223","Salix arctica","CG3-2021",2021,NA,NA,NA,NA,"Southern",NA,83,NA,NA,NA,2021-09-27,NA,2021-10-12,NA,NA,NA,2021-07-30,NA,NA,NA,NA,NA,NA,NA,270,NA,NA,NA,211,NA,NA,NA,285,NA,NA,NA,NA,NA,NA,NA,NA,NA,NA,"K15PSA6",NA,NA,NA,NA
"224","Salix arctica","CG3-2021",2021,NA,NA,NA,NA,"Northern",NA,84,NA,NA,NA,2021-09-27,NA,2021-10-12,NA,NA,NA,2021-07-07,NA,NA,NA,NA,NA,NA,NA,270,NA,NA,NA,188,NA,NA,NA,285,NA,NA,NA,NA,NA,NA,NA,NA,NA,NA,"H15SA12",NA,2021-08-05,NA,217
"225","Salix arctica","CG3-2021",2021,NA,NA,NA,NA,"Southern",NA,85,NA,NA,NA,2021-09-27,NA,2021-10-12,NA,NA,NA,NA,NA,NA,NA,NA,NA,NA,NA,270,NA,NA,NA,NA,NA,NA,NA,285,NA,NA,NA,NA,NA,NA,NA,NA,NA,NA,"K15PSA12",NA,NA,NA,NA
"226","Salix arctica","CG3-2021",2022,NA,NA,NA,NA,"Northern",NA,86,NA,2022-04-24,2022-04-25,NA,NA,NA,2022-05-09,NA,NA,2022-07-15,NA,NA,NA,NA,NA,114,115,NA,129,NA,NA,196,NA,NA,NA,NA,67,NA,NA,NA,NA,NA,NA,NA,NA,NA,"H15SA14",2022-04-07,NA,97,NA
"227","Salix arctica","CG3-2021",2022,NA,NA,NA,NA,"Northern",NA,87,NA,2022-04-24,2022-04-25,NA,NA,NA,2022-05-12,NA,NA,2022-07-01,NA,NA,NA,NA,NA,114,115,NA,132,NA,NA,182,NA,NA,NA,NA,50,NA,NA,NA,NA,NA,NA,NA,NA,NA,"H17SA20",2022-04-07,2022-08-10,97,222
"228","Salix arctica","CG3-2021",2022,NA,NA,NA,NA,"Southern",NA,88,NA,2022-04-24,2022-04-25,NA,NA,NA,2022-05-18,NA,NA,2023-08-01,NA,NA,NA,NA,NA,114,115,NA,138,NA,NA,213,NA,NA,NA,NA,75,NA,NA,NA,NA,NA,NA,NA,NA,NA,"K15PSA8",2022-04-07,NA,97,NA
"229","Salix arctica","CG3-2021",2022,NA,NA,NA,NA,"Northern",NA,89,NA,2022-04-24,2022-04-25,NA,NA,NA,2022-05-09,NA,NA,2022-07-21,NA,NA,NA,NA,NA,114,115,NA,129,NA,NA,202,NA,NA,NA,NA,73,NA,NA,NA,NA,NA,NA,NA,NA,NA,"H15SA7",2022-04-07,NA,97,NA
"230","Salix arctica","CG3-2021",2022,NA,NA,NA,NA,"Southern",NA,90,NA,2022-04-24,2022-04-25,NA,NA,NA,2022-05-13,NA,NA,2022-07-16,NA,NA,NA,NA,NA,114,115,NA,133,NA,NA,197,NA,NA,NA,NA,64,NA,NA,NA,NA,NA,NA,NA,NA,NA,"K15PSA7",2022-04-07,NA,97,NA
"231","Salix arctica","CG3-2021",2022,NA,NA,NA,NA,"Southern",NA,91,NA,2022-04-24,2022-04-25,NA,NA,NA,2022-05-19,NA,NA,2022-08-14,NA,NA,NA,NA,NA,114,115,NA,139,NA,NA,226,NA,NA,NA,NA,87,NA,NA,NA,NA,NA,NA,NA,NA,NA,"K15PSA2",2022-04-07,NA,97,NA
"232","Salix arctica","CG3-2021",2022,NA,NA,NA,NA,"Northern",NA,92,NA,2022-04-24,2022-04-25,NA,NA,NA,NA,NA,NA,NA,NA,NA,NA,NA,NA,114,115,NA,NA,NA,NA,NA,NA,NA,NA,NA,NA,NA,NA,NA,NA,NA,NA,NA,NA,NA,"H17SA17",2022-04-07,NA,97,NA
"233","Salix arctica","CG3-2021",2022,NA,NA,NA,NA,"Southern",NA,93,NA,2022-04-24,2022-04-25,NA,NA,NA,2022-05-20,NA,NA,2022-08-06,NA,NA,NA,NA,NA,114,115,NA,140,NA,NA,218,NA,NA,NA,NA,78,NA,NA,NA,NA,NA,NA,NA,NA,NA,"KP17SA9",2022-04-07,NA,97,NA
"234","Salix arctica","CG3-2021",2022,NA,NA,NA,NA,"Southern",NA,94,NA,2022-04-24,2022-04-25,NA,NA,NA,2022-05-18,NA,NA,2022-07-30,NA,NA,NA,NA,NA,114,115,NA,138,NA,NA,211,NA,NA,NA,NA,73,NA,NA,NA,NA,NA,NA,NA,NA,NA,"K15PSA6",2022-04-07,NA,97,NA
"235","Salix arctica","CG3-2021",2022,NA,NA,NA,NA,"Northern",NA,95,NA,2022-04-24,2022-04-25,NA,NA,NA,2022-05-09,NA,NA,2022-06-21,NA,NA,NA,NA,NA,114,115,NA,129,NA,NA,172,NA,NA,NA,NA,43,NA,NA,NA,NA,NA,NA,NA,NA,NA,"H15SA12",2022-04-07,2022-08-11,97,223
"236","Salix arctica","CG3-2021",2022,NA,NA,NA,NA,"Southern",NA,96,NA,2022-04-24,2022-04-25,NA,NA,NA,2022-05-19,NA,NA,2022-07-29,NA,NA,NA,NA,NA,114,115,NA,139,NA,NA,210,NA,NA,NA,NA,71,NA,NA,NA,NA,NA,NA,NA,NA,NA,"K15PSA12",2022-04-07,2022-08-14,97,226
"237","Salix pulchra","CG4-2021",2021,NA,NA,NA,NA,"Northern",NA,97,NA,NA,NA,2021-09-27,NA,2021-10-12,NA,NA,NA,2021-07-01,NA,NA,NA,NA,NA,NA,NA,270,NA,NA,NA,182,NA,NA,NA,285,NA,NA,NA,NA,NA,NA,NA,NA,NA,NA,"H15SP15",NA,2021-07-15,NA,196
"238","Salix pulchra","CG4-2021",2022,NA,NA,NA,NA,"Northern",NA,98,NA,2022-04-22,2022-04-25,NA,NA,NA,2022-05-09,NA,NA,2022-06-24,NA,NA,NA,NA,NA,112,115,NA,129,NA,NA,175,NA,NA,NA,NA,46,NA,NA,NA,NA,NA,NA,NA,NA,NA,"H15SP15",2022-04-19,2022-06-29,109,180
"239","Salix richardsonii","CG5-2021",2021,NA,NA,NA,NA,"Southern",NA,99,NA,NA,NA,2021-09-27,NA,2021-10-12,NA,NA,NA,2021-08-16,NA,NA,NA,NA,NA,NA,NA,270,NA,NA,NA,228,NA,NA,NA,285,NA,NA,NA,NA,NA,NA,NA,NA,NA,NA,"KP16SR57",NA,2021-09-13,NA,256
"240","Salix richardsonii","CG5-2021",2021,NA,NA,NA,NA,"Southern",NA,100,NA,NA,NA,2021-09-27,NA,2021-10-12,NA,NA,NA,2021-08-16,NA,NA,NA,NA,NA,NA,NA,270,NA,NA,NA,228,NA,NA,NA,285,NA,NA,NA,NA,NA,NA,NA,NA,NA,NA,"PP17SR16",NA,2021-09-12,NA,255
"241","Salix richardsonii","CG5-2021",2022,NA,NA,NA,NA,"Southern",NA,101,NA,2022-04-23,2022-04-25,NA,NA,NA,2022-05-19,NA,NA,2022-08-09,NA,NA,NA,NA,NA,113,115,NA,139,NA,NA,221,NA,NA,NA,NA,82,NA,NA,NA,NA,NA,NA,NA,NA,NA,"KP16SR57",2022-04-08,NA,98,NA
"242","Salix richardsonii","CG5-2021",2022,NA,NA,NA,NA,"Southern",NA,102,NA,2022-04-23,2022-04-25,NA,NA,NA,2022-05-20,NA,NA,2022-08-03,NA,NA,NA,NA,NA,113,115,NA,140,NA,NA,215,NA,NA,NA,NA,75,NA,NA,NA,NA,NA,NA,NA,NA,NA,"PP17SR16",2022-04-08,NA,98,NA
"243","Salix richardsonii","KLUANECAM2",2021,NA,NA,NA,NA,"Southern",NA,103,NA,2021-04-23,2021-04-25,2021-09-27,NA,2021-10-12,2021-05-18,NA,NA,2021-07-20,NA,NA,NA,NA,NA,113,115,270,138,NA,NA,201,NA,NA,NA,285,63,NA,NA,NA,NA,NA,NA,NA,NA,NA,"KLSRE9",NA,2021-09-02,NA,245
"244","Salix richardsonii","KLUANECAM2",2021,NA,NA,NA,NA,"Southern",NA,104,NA,2021-04-23,2021-04-25,2021-09-27,NA,2021-10-12,2021-05-11,NA,NA,NA,NA,NA,NA,NA,NA,113,115,270,131,NA,NA,NA,NA,NA,NA,285,NA,NA,NA,NA,NA,NA,NA,NA,NA,NA,"KLSRE7",NA,2021-09-03,NA,246
"245","Salix richardsonii","KLUANECAM2",2021,NA,NA,NA,NA,"Southern",NA,105,NA,2021-04-23,2021-04-25,2021-09-27,NA,2021-10-12,2021-05-09,NA,NA,NA,NA,NA,NA,NA,NA,113,115,270,129,NA,NA,NA,NA,NA,NA,285,NA,NA,NA,NA,NA,NA,NA,NA,NA,NA,"KLSRE6",NA,2021-09-01,NA,244
"246","Salix richardsonii","KLUANECAM2",2021,NA,NA,NA,NA,"Northern",NA,106,NA,2021-04-23,2021-04-25,2021-09-27,NA,2021-10-12,NA,NA,NA,NA,NA,NA,NA,NA,NA,113,115,270,NA,NA,NA,NA,NA,NA,NA,285,NA,NA,NA,NA,NA,NA,NA,NA,NA,NA,"HESR7",NA,NA,NA,NA
"247","Salix richardsonii","KLUANECAM2",2021,NA,NA,NA,NA,"Northern",NA,107,NA,2021-04-23,2021-04-25,2021-09-27,NA,2021-10-12,NA,NA,NA,NA,NA,NA,NA,NA,NA,113,115,270,NA,NA,NA,NA,NA,NA,NA,285,NA,NA,NA,NA,NA,NA,NA,NA,NA,NA,"H15SR20",NA,NA,NA,NA
"248","Salix richardsonii","KLUANECAM2",2021,NA,NA,NA,NA,"Northern",NA,108,NA,2021-04-23,2021-04-25,2021-09-27,NA,2021-10-12,2021-05-19,NA,NA,2021-07-12,NA,NA,NA,NA,NA,113,115,270,139,NA,NA,193,NA,NA,NA,285,54,NA,NA,NA,NA,NA,NA,NA,NA,NA,"H15SR19",NA,2021-07-23,NA,204
"249","Salix richardsonii","KLUANECAM2",2021,NA,NA,NA,NA,"Northern",NA,109,NA,2021-04-23,2021-04-25,2021-09-27,NA,2021-10-12,NA,NA,NA,2021-07-05,NA,NA,NA,NA,NA,113,115,270,NA,NA,NA,186,NA,NA,NA,285,NA,NA,NA,NA,NA,NA,NA,NA,NA,NA,"HESR8",NA,2021-07-16,NA,197
"250","Salix richardsonii","KLUANECAM2",2022,NA,NA,NA,NA,"Southern",NA,110,NA,2022-04-23,2022-04-24,NA,NA,NA,2022-05-17,NA,NA,2022-08-13,NA,NA,NA,NA,NA,113,114,NA,137,NA,NA,225,NA,NA,NA,NA,88,NA,NA,NA,NA,NA,NA,NA,NA,NA,"KLSRE9",2022-03-24,NA,83,NA
"251","Salix richardsonii","KLUANECAM2",2022,NA,NA,NA,NA,"Southern",NA,111,NA,2022-04-23,2022-04-24,NA,NA,NA,2022-05-18,NA,NA,NA,NA,NA,NA,NA,NA,113,114,NA,138,NA,NA,NA,NA,NA,NA,NA,NA,NA,NA,NA,NA,NA,NA,NA,NA,NA,"KLSRE7",2022-03-24,NA,83,NA
"252","Salix richardsonii","KLUANECAM2",2022,NA,NA,NA,NA,"Southern",NA,112,NA,2022-04-23,2022-04-24,NA,NA,NA,2022-05-11,NA,NA,NA,NA,NA,NA,NA,NA,113,114,NA,131,NA,NA,NA,NA,NA,NA,NA,NA,NA,NA,NA,NA,NA,NA,NA,NA,NA,"KLSRE6",2022-03-24,NA,83,NA
"253","Salix richardsonii","KLUANECAM2",2022,NA,NA,NA,NA,"Northern",NA,113,NA,2022-04-23,2022-04-24,NA,NA,NA,2022-05-19,NA,NA,2022-07-24,NA,NA,NA,NA,NA,113,114,NA,139,NA,NA,205,NA,NA,NA,NA,66,NA,NA,NA,NA,NA,NA,NA,NA,NA,"HESR7",2022-03-24,2022-08-09,83,221
"254","Salix richardsonii","KLUANECAM2",2022,NA,NA,NA,NA,"Northern",NA,114,NA,2022-04-23,2022-04-24,NA,NA,NA,2022-05-19,NA,NA,2022-07-06,NA,NA,NA,NA,NA,113,114,NA,139,NA,NA,187,NA,NA,NA,NA,48,NA,NA,NA,NA,NA,NA,NA,NA,NA,"H15SR20",2022-03-24,2022-07-20,83,201
"255","Salix richardsonii","KLUANECAM2",2022,NA,NA,NA,NA,"Northern",NA,115,NA,2022-04-23,2022-04-24,NA,NA,NA,2022-05-22,NA,NA,2022-07-18,NA,NA,NA,NA,NA,113,114,NA,142,NA,NA,199,NA,NA,NA,NA,57,NA,NA,NA,NA,NA,NA,NA,NA,NA,"H15SR19",2022-03-24,2022-08-12,83,224
"256","Salix richardsonii","KLUANECAM2",2022,NA,NA,NA,NA,"Northern",NA,116,NA,2022-04-23,2022-04-24,NA,NA,NA,2022-05-20,NA,NA,2022-07-16,NA,NA,NA,NA,NA,113,114,NA,140,NA,NA,197,NA,NA,NA,NA,57,NA,NA,NA,NA,NA,NA,NA,NA,NA,"HESR8",2022-03-24,2022-07-30,83,211
"257","Salix pulchra","KLUANECAM10",2021,NA,NA,NA,NA,"Northern",NA,117,NA,2021-04-23,2021-04-24,2021-09-27,NA,2021-10-12,2021-05-08,NA,NA,2021-06-24,NA,NA,NA,NA,NA,113,114,270,128,NA,NA,175,NA,NA,NA,285,47,NA,NA,NA,NA,NA,NA,NA,NA,NA,"HERSP12",NA,2021-07-16,NA,197
"258","Salix pulchra","KLUANECAM10",2021,NA,NA,NA,NA,"Southern",NA,118,NA,2021-04-23,2021-04-23,2021-09-27,NA,2021-10-12,NA,NA,NA,NA,NA,NA,NA,NA,NA,113,113,270,NA,NA,NA,NA,NA,NA,NA,285,NA,NA,NA,NA,NA,NA,NA,NA,NA,NA,"KLSPE12",NA,NA,NA,NA
"259","Salix pulchra","KLUANECAM10",2021,NA,NA,NA,NA,"Southern",NA,119,NA,2021-04-24,2021-04-25,2021-09-27,NA,2021-10-12,2021-05-20,NA,NA,2021-08-12,NA,NA,NA,NA,NA,114,115,270,140,NA,NA,224,NA,NA,NA,285,84,NA,NA,NA,NA,NA,NA,NA,NA,NA,"KLSPE11",NA,2021-09-10,NA,253
"260","Salix pulchra","KLUANECAM10",2021,NA,NA,NA,NA,"Southern",NA,120,NA,2021-04-25,2021-04-26,2021-09-27,NA,2021-10-12,2021-05-19,NA,NA,2021-08-10,NA,NA,NA,NA,NA,115,116,270,139,NA,NA,222,NA,NA,NA,285,83,NA,NA,NA,NA,NA,NA,NA,NA,NA,"KLSPE14",NA,2021-08-29,NA,241
"261","Salix pulchra","KLUANECAM10",2021,NA,NA,NA,NA,"Northern",NA,121,NA,2021-04-26,2021-04-27,2021-09-27,NA,2021-10-12,NA,NA,NA,NA,NA,NA,NA,NA,NA,116,117,270,NA,NA,NA,NA,NA,NA,NA,285,NA,NA,NA,NA,NA,NA,NA,NA,NA,NA,"HERSP11",NA,2021-07-18,NA,199
"262","Salix pulchra","KLUANECAM10",2022,NA,NA,NA,NA,"Northern",NA,122,NA,2022-04-23,2022-04-23,NA,NA,NA,2022-05-18,NA,NA,NA,NA,NA,NA,NA,NA,113,113,NA,138,NA,NA,NA,NA,NA,NA,NA,NA,NA,NA,NA,NA,NA,NA,NA,NA,NA,"HERSP11",2022-04-06,2022-08-04,96,216
"263","Salix pulchra","KLUANECAM10",2022,NA,NA,NA,NA,"Southern",NA,123,NA,2022-04-23,2022-04-23,NA,NA,NA,2022-05-27,NA,NA,NA,NA,NA,NA,NA,NA,113,113,NA,147,NA,NA,NA,NA,NA,NA,NA,NA,NA,NA,NA,NA,NA,NA,NA,NA,NA,"KLSPE12",2022-04-06,NA,96,NA
"264","Salix pulchra","KLUANECAM10",2022,NA,NA,NA,NA,"Southern",NA,124,NA,2022-04-23,2022-04-23,NA,NA,NA,2022-05-25,NA,NA,NA,NA,NA,NA,NA,NA,113,113,NA,145,NA,NA,NA,NA,NA,NA,NA,NA,NA,NA,NA,NA,NA,NA,NA,NA,NA,"KLSPE11",2022-04-06,NA,96,NA
"265","Salix pulchra","KLUANECAM10",2022,NA,NA,NA,NA,"Southern",NA,125,NA,2022-04-23,2022-04-23,NA,NA,NA,2022-05-23,NA,NA,NA,NA,NA,NA,NA,NA,113,113,NA,143,NA,NA,NA,NA,NA,NA,NA,NA,NA,NA,NA,NA,NA,NA,NA,NA,NA,"KLSPE14",2022-04-06,NA,96,NA
"266","Salix pulchra","KLUANECAM10",2022,NA,NA,NA,NA,"Northern",NA,126,NA,2022-04-23,2022-04-23,NA,NA,NA,2022-05-20,NA,NA,NA,NA,NA,NA,NA,NA,113,113,NA,140,NA,NA,NA,NA,NA,NA,NA,NA,NA,NA,NA,NA,NA,NA,NA,NA,NA,"HERSP11",2022-04-06,2022-08-05,96,217
"267","Salix pulchra","KLUANECAM11",2022,NA,NA,NA,NA,"Northern",NA,127,NA,2022-04-23,2022-04-23,NA,NA,NA,NA,NA,NA,2022-08-03,NA,NA,NA,NA,NA,113,113,NA,NA,NA,NA,215,NA,NA,NA,NA,NA,NA,NA,NA,NA,NA,NA,NA,NA,NA,"HESP17",2022-04-06,2022-08-08,96,220
"268","Salix richardsonii","CG6-2021",2021,NA,NA,NA,NA,"Southern",NA,128,NA,NA,NA,2021-09-27,NA,2021-10-12,NA,NA,NA,2021-07-10,NA,NA,NA,NA,NA,NA,NA,270,NA,NA,NA,191,NA,NA,NA,285,NA,NA,NA,NA,NA,NA,NA,NA,NA,NA,"KP16SR37",NA,2021-09-15,NA,258
"269","Salix richardsonii","CG6-2021",2021,NA,NA,NA,NA,"Southern",NA,129,NA,NA,NA,2021-09-27,NA,2021-10-12,NA,NA,NA,2021-08-22,NA,NA,NA,NA,NA,NA,NA,270,NA,NA,NA,234,NA,NA,NA,285,NA,NA,NA,NA,NA,NA,NA,NA,NA,NA,"PC17SR4",NA,2021-09-16,NA,259
"270","Salix richardsonii","CG6-2021",2021,NA,NA,NA,NA,"Southern",NA,130,NA,NA,NA,2021-09-27,NA,2021-10-12,NA,NA,NA,2021-08-30,NA,NA,NA,NA,NA,NA,NA,270,NA,NA,NA,242,NA,NA,NA,285,NA,NA,NA,NA,NA,NA,NA,NA,NA,NA,"PC17SR5
",NA,2021-09-21,NA,264
"271","Salix richardsonii","CG6-2021",2021,NA,NA,NA,NA,"Southern",NA,131,NA,NA,NA,2021-09-27,NA,2021-10-12,NA,NA,NA,2021-07-14,NA,NA,NA,NA,NA,NA,NA,270,NA,NA,NA,195,NA,NA,NA,285,NA,NA,NA,NA,NA,NA,NA,NA,NA,NA,"KP16SR52",NA,2021-09-06,NA,249
"272","Salix richardsonii","CG6-2021",2021,NA,NA,NA,NA,"Southern",NA,132,NA,NA,NA,2021-09-27,NA,2021-10-12,NA,NA,NA,2021-08-22,NA,NA,NA,NA,NA,NA,NA,270,NA,NA,NA,234,NA,NA,NA,285,NA,NA,NA,NA,NA,NA,NA,NA,NA,NA,"KP16SR53
",NA,2021-08-31,NA,243
"273","Salix richardsonii","CG6-2021",2021,NA,NA,NA,NA,"Southern",NA,133,NA,NA,NA,2021-09-27,NA,2021-10-12,NA,NA,NA,2021-08-30,NA,NA,NA,NA,NA,NA,NA,270,NA,NA,NA,242,NA,NA,NA,285,NA,NA,NA,NA,NA,NA,NA,NA,NA,NA,"PC17SR6
",NA,2021-08-10,NA,222
"274","Salix richardsonii","CG6-2021",2021,NA,NA,NA,NA,"Northern",NA,134,NA,NA,NA,2021-09-27,NA,2021-10-12,NA,NA,NA,2021-07-01,NA,NA,NA,NA,NA,NA,NA,270,NA,NA,NA,182,NA,NA,NA,285,NA,NA,NA,NA,NA,NA,NA,NA,NA,NA,"H17SR15
",NA,2021-07-30,NA,211
"275","Salix richardsonii","CG6-2021",2021,NA,NA,NA,NA,"Northern",NA,135,NA,NA,NA,2021-09-27,NA,2021-10-12,NA,NA,NA,2021-06-28,NA,NA,NA,NA,NA,NA,NA,270,NA,NA,NA,179,NA,NA,NA,285,NA,NA,NA,NA,NA,NA,NA,NA,NA,NA,"H18SR10",NA,2021-07-22,NA,203
"276","Salix richardsonii","CG6-2021",2022,NA,NA,NA,NA,"Southern",NA,136,NA,NA,NA,NA,NA,NA,NA,NA,NA,NA,NA,NA,NA,NA,NA,NA,NA,NA,NA,NA,NA,NA,NA,NA,NA,NA,NA,NA,NA,NA,NA,NA,NA,NA,NA,NA,"KP16SR37",NA,NA,NA,NA
"277","Salix richardsonii","CG6-2021",2022,NA,NA,NA,NA,"Southern",NA,137,NA,NA,NA,NA,NA,NA,NA,NA,NA,NA,NA,NA,NA,NA,NA,NA,NA,NA,NA,NA,NA,NA,NA,NA,NA,NA,NA,NA,NA,NA,NA,NA,NA,NA,NA,NA,"PC17SR4",NA,NA,NA,NA
"278","Salix richardsonii","CG6-2021",2022,NA,NA,NA,NA,"Southern",NA,138,NA,NA,NA,NA,NA,NA,NA,NA,NA,NA,NA,NA,NA,NA,NA,NA,NA,NA,NA,NA,NA,NA,NA,NA,NA,NA,NA,NA,NA,NA,NA,NA,NA,NA,NA,NA,"PC17SR5
",NA,NA,NA,NA
"279","Salix richardsonii","CG6-2021",2022,NA,NA,NA,NA,"Southern",NA,139,NA,NA,NA,NA,NA,NA,NA,NA,NA,NA,NA,NA,NA,NA,NA,NA,NA,NA,NA,NA,NA,NA,NA,NA,NA,NA,NA,NA,NA,NA,NA,NA,NA,NA,NA,NA,"KP16SR52",NA,NA,NA,NA
"280","Salix richardsonii","CG6-2021",2022,NA,NA,NA,NA,"Southern",NA,140,NA,NA,NA,NA,NA,NA,NA,NA,NA,NA,NA,NA,NA,NA,NA,NA,NA,NA,NA,NA,NA,NA,NA,NA,NA,NA,NA,NA,NA,NA,NA,NA,NA,NA,NA,NA,"KP16SR53
",NA,NA,NA,NA
"281","Salix richardsonii","CG6-2021",2022,NA,NA,NA,NA,"Southern",NA,141,NA,NA,NA,NA,NA,NA,NA,NA,NA,NA,NA,NA,NA,NA,NA,NA,NA,NA,NA,NA,NA,NA,NA,NA,NA,NA,NA,NA,NA,NA,NA,NA,NA,NA,NA,NA,"PC17SR6
",NA,NA,NA,NA
"282","Salix richardsonii","CG6-2021",2022,NA,NA,NA,NA,"Northern",NA,142,NA,NA,NA,NA,NA,NA,NA,NA,NA,NA,NA,NA,NA,NA,NA,NA,NA,NA,NA,NA,NA,NA,NA,NA,NA,NA,NA,NA,NA,NA,NA,NA,NA,NA,NA,NA,"H17SR15
",NA,NA,NA,NA
"283","Salix richardsonii","CG6-2021",2022,NA,NA,NA,NA,"Northern",NA,143,NA,NA,NA,NA,NA,NA,NA,NA,NA,NA,NA,NA,NA,NA,NA,NA,NA,NA,NA,NA,NA,NA,NA,NA,NA,NA,NA,NA,NA,NA,NA,NA,NA,NA,NA,NA,"H18SR10",NA,NA,NA,NA
"284","Salix richardsonii","KLUANECAM3",2021,NA,NA,NA,NA,"Southern",NA,144,NA,2021-04-23,2021-04-26,2021-09-27,NA,2021-10-12,2021-05-22,NA,NA,2021-08-05,NA,NA,NA,NA,NA,113,116,270,142,NA,NA,217,NA,NA,NA,285,75,NA,NA,NA,NA,NA,NA,NA,NA,NA,"KLSRC13",NA,2021-09-08,NA,251
"285","Salix richardsonii","KLUANECAM3",2021,NA,NA,NA,NA,"Southern",NA,145,NA,2021-04-24,2021-04-27,2021-09-27,NA,2021-10-12,2021-05-20,NA,NA,2021-08-07,NA,NA,NA,NA,NA,114,117,270,140,NA,NA,219,NA,NA,NA,285,79,NA,NA,NA,NA,NA,NA,NA,NA,NA,"KLSRE15",NA,2021-09-10,NA,253
"286","Salix richardsonii","KLUANECAM3",2021,NA,NA,NA,NA,"Southern",NA,146,NA,2021-04-25,2021-04-28,2021-09-27,NA,2021-10-12,2021-05-21,NA,NA,2021-08-06,NA,NA,NA,NA,NA,115,118,270,141,NA,NA,218,NA,NA,NA,285,77,NA,NA,NA,NA,NA,NA,NA,NA,NA,"KLSRE14",NA,2021-08-31,NA,243
"287","Salix richardsonii","KLUANECAM3",2021,NA,NA,NA,NA,"Southern",NA,147,NA,2021-04-26,2021-04-29,2021-09-27,NA,2021-10-12,2021-05-20,NA,NA,2021-08-08,NA,NA,NA,NA,NA,116,119,270,140,NA,NA,220,NA,NA,NA,285,80,NA,NA,NA,NA,NA,NA,NA,NA,NA,"KLSRE13",NA,2021-09-05,NA,248
"288","Salix richardsonii","KLUANECAM3",2021,NA,NA,NA,NA,"Southern",NA,148,NA,2021-04-27,2021-04-30,2021-09-27,NA,2021-10-12,2021-05-22,NA,NA,2021-08-07,NA,NA,NA,NA,NA,117,120,270,142,NA,NA,219,NA,NA,NA,285,77,NA,NA,NA,NA,NA,NA,NA,NA,NA,"KLSRC10",NA,2021-09-07,NA,250
"289","Salix pulchra","KLUANECAM3",2021,NA,NA,NA,NA,"Northern",NA,149,NA,2021-04-28,2021-05-01,2021-09-27,NA,2021-10-12,2021-05-19,NA,NA,2021-08-12,NA,NA,NA,NA,NA,118,121,270,139,NA,NA,224,NA,NA,NA,285,85,NA,NA,NA,NA,NA,NA,NA,NA,NA,"H15SP27",NA,2021-07-21,NA,202
"290","Salix pulchra","KLUANECAM3",2021,NA,NA,NA,NA,"Southern",NA,150,NA,2021-04-29,2021-05-02,2021-09-27,NA,2021-10-12,2021-05-15,NA,NA,2021-07-29,NA,NA,NA,NA,NA,119,122,270,135,NA,NA,210,NA,NA,NA,285,75,NA,NA,NA,NA,NA,NA,NA,NA,NA,"PC16CESP7",NA,2021-08-31,NA,243
"291","Salix pulchra","KLUANECAM3",2021,NA,NA,NA,NA,"Northern",NA,151,NA,2021-04-30,2021-05-03,2021-09-27,NA,2021-10-12,2021-05-19,NA,NA,2021-06-23,NA,NA,NA,NA,NA,120,123,270,139,NA,NA,174,NA,NA,NA,285,35,NA,NA,NA,NA,NA,NA,NA,NA,NA,"H17SP10",NA,2021-07-21,NA,202
"292","Salix pulchra","KLUANECAM3",2021,NA,NA,NA,NA,"Northern",NA,152,NA,2021-05-01,2021-05-04,2021-09-27,NA,2021-10-12,NA,NA,NA,2021-08-04,NA,NA,NA,NA,NA,121,124,270,NA,NA,NA,216,NA,NA,NA,285,NA,NA,NA,NA,NA,NA,NA,NA,NA,NA,"HERSP29",NA,2021-08-06,NA,218
"293","Salix pulchra","KLUANECAM3",2021,NA,NA,NA,NA,"Southern",NA,153,NA,2021-05-02,2021-05-05,2021-09-27,NA,2021-10-12,2021-05-20,NA,NA,NA,NA,NA,NA,NA,NA,122,125,270,140,NA,NA,NA,NA,NA,NA,285,NA,NA,NA,NA,NA,NA,NA,NA,NA,NA,"KP17SP9",NA,NA,NA,NA
"294","Salix pulchra","KLUANECAM3",2021,NA,NA,NA,NA,"Southern",NA,154,NA,2021-05-03,2021-05-06,2021-09-27,NA,2021-10-12,2021-05-23,NA,NA,2021-07-16,NA,NA,NA,NA,NA,123,126,270,143,NA,NA,197,NA,NA,NA,285,54,NA,NA,NA,NA,NA,NA,NA,NA,NA,"KP16SP33",NA,2021-08-16,NA,228
"295","Salix pulchra","KLUANECAM3",2021,NA,NA,NA,NA,"Northern",NA,155,NA,2021-05-04,2021-05-07,2021-09-27,NA,2021-10-12,2021-05-19,NA,NA,2021-07-08,NA,NA,NA,NA,NA,124,127,270,139,NA,NA,189,NA,NA,NA,285,50,NA,NA,NA,NA,NA,NA,NA,NA,NA,"H15SP29",NA,2021-07-16,NA,197
"296","Salix richardsonii","KLUANECAM3",2022,NA,NA,NA,NA,"Southern",NA,156,NA,2022-04-19,2022-04-20,NA,NA,NA,NA,NA,NA,2022-08-17,NA,NA,NA,NA,NA,109,110,NA,NA,NA,NA,229,NA,NA,NA,NA,NA,NA,NA,NA,NA,NA,NA,NA,NA,NA,"KLSRC13",2022-04-10,NA,100,NA
"297","Salix richardsonii","KLUANECAM3",2022,NA,NA,NA,NA,"Southern",NA,157,NA,2022-04-19,2022-04-20,NA,NA,NA,NA,NA,NA,NA,NA,NA,NA,NA,NA,109,110,NA,NA,NA,NA,NA,NA,NA,NA,NA,NA,NA,NA,NA,NA,NA,NA,NA,NA,NA,"KLSRE15",2022-04-10,NA,100,NA
"298","Salix richardsonii","KLUANECAM3",2022,NA,NA,NA,NA,"Southern",NA,158,NA,2022-04-19,2022-04-20,NA,NA,NA,NA,NA,NA,2022-08-15,NA,NA,NA,NA,NA,109,110,NA,NA,NA,NA,227,NA,NA,NA,NA,NA,NA,NA,NA,NA,NA,NA,NA,NA,NA,"KLSRE14",2022-04-10,NA,100,NA
"299","Salix richardsonii","KLUANECAM3",2022,NA,NA,NA,NA,"Southern",NA,159,NA,2022-04-19,2022-04-20,NA,NA,NA,NA,NA,NA,NA,NA,NA,NA,NA,NA,109,110,NA,NA,NA,NA,NA,NA,NA,NA,NA,NA,NA,NA,NA,NA,NA,NA,NA,NA,NA,"KLSRE13",2022-04-10,NA,100,NA
"300","Salix richardsonii","KLUANECAM3",2022,NA,NA,NA,NA,"Southern",NA,160,NA,2022-04-19,2022-04-20,NA,NA,NA,NA,NA,NA,NA,NA,NA,NA,NA,NA,109,110,NA,NA,NA,NA,NA,NA,NA,NA,NA,NA,NA,NA,NA,NA,NA,NA,NA,NA,NA,"KLSRC10",2022-04-10,NA,100,NA
"301","Salix pulchra","KLUANECAM3",2022,NA,NA,NA,NA,"Northern",NA,161,NA,2022-04-19,2022-04-20,NA,NA,NA,NA,NA,NA,NA,NA,NA,NA,NA,NA,109,110,NA,NA,NA,NA,NA,NA,NA,NA,NA,NA,NA,NA,NA,NA,NA,NA,NA,NA,NA,"H15SP27",2022-04-10,NA,100,NA
"302","Salix pulchra","KLUANECAM3",2022,NA,NA,NA,NA,"Southern",NA,162,NA,2022-04-19,2022-04-20,NA,NA,NA,NA,NA,NA,NA,NA,NA,NA,NA,NA,109,110,NA,NA,NA,NA,NA,NA,NA,NA,NA,NA,NA,NA,NA,NA,NA,NA,NA,NA,NA,"PC16CESP7",2022-04-10,NA,100,NA
"303","Salix pulchra","KLUANECAM3",2022,NA,NA,NA,NA,"Northern",NA,163,NA,2022-04-19,2022-04-20,NA,NA,NA,NA,NA,NA,2022-07-15,NA,NA,NA,NA,NA,109,110,NA,NA,NA,NA,196,NA,NA,NA,NA,NA,NA,NA,NA,NA,NA,NA,NA,NA,NA,"H17SP10",2022-04-10,2022-08-03,100,215
"304","Salix pulchra","KLUANECAM3",2022,NA,NA,NA,NA,"Northern",NA,164,NA,2022-04-19,2022-04-20,NA,NA,NA,NA,NA,NA,NA,NA,NA,NA,NA,NA,109,110,NA,NA,NA,NA,NA,NA,NA,NA,NA,NA,NA,NA,NA,NA,NA,NA,NA,NA,NA,"HERSP29",2022-04-10,NA,100,NA
"305","Salix pulchra","KLUANECAM3",2022,NA,NA,NA,NA,"Southern",NA,165,NA,2022-04-19,2022-04-20,NA,NA,NA,NA,NA,NA,NA,NA,NA,NA,NA,NA,109,110,NA,NA,NA,NA,NA,NA,NA,NA,NA,NA,NA,NA,NA,NA,NA,NA,NA,NA,NA,"KP17SP9",2022-04-10,NA,100,NA
"306","Salix pulchra","KLUANECAM3",2022,NA,NA,NA,NA,"Southern",NA,166,NA,2022-04-19,2022-04-20,NA,NA,NA,NA,NA,NA,2022-08-16,NA,NA,NA,NA,NA,109,110,NA,NA,NA,NA,228,NA,NA,NA,NA,NA,NA,NA,NA,NA,NA,NA,NA,NA,NA,"KP16SP33",2022-04-10,NA,100,NA
"307","Salix pulchra","KLUANECAM3",2022,NA,NA,NA,NA,"Northern",NA,167,NA,2022-04-19,2022-04-20,NA,NA,NA,NA,NA,NA,2022-07-17,NA,NA,NA,NA,NA,109,110,NA,NA,NA,NA,198,NA,NA,NA,NA,NA,NA,NA,NA,NA,NA,NA,NA,NA,NA,"H15SP29",2022-04-10,2022-07-26,100,207
"308","Salix richardsonii","KLUANECAM4",2021,NA,NA,NA,NA,"Southern",NA,168,NA,NA,NA,2021-09-27,NA,2021-10-12,NA,NA,NA,2021-08-08,NA,NA,NA,NA,NA,NA,NA,270,NA,NA,NA,220,NA,NA,NA,285,NA,NA,NA,NA,NA,NA,NA,NA,NA,NA,"KPSR5",NA,2021-09-07,NA,250
"309","Salix pulchra","KLUANECAM4",2021,NA,NA,NA,NA,"Southern",NA,169,NA,NA,NA,2021-09-27,NA,2021-10-12,NA,NA,NA,2021-08-10,NA,NA,NA,NA,NA,NA,NA,270,NA,NA,NA,222,NA,NA,NA,285,NA,NA,NA,NA,NA,NA,NA,NA,NA,NA,"KLSPE6",NA,2021-09-09,NA,252
"310","Salix richardsonii","KLUANECAM4",2021,NA,NA,NA,NA,"Southern",NA,170,NA,NA,NA,2021-09-27,NA,2021-10-12,NA,NA,NA,2021-08-15,NA,NA,NA,NA,NA,NA,NA,270,NA,NA,NA,227,NA,NA,NA,285,NA,NA,NA,NA,NA,NA,NA,NA,NA,NA,"KLSRE4",NA,2021-09-14,NA,257
"311","Salix richardsonii","KLUANECAM4",2021,NA,NA,NA,NA,"Northern",NA,171,NA,NA,NA,2021-09-27,NA,2021-10-12,NA,NA,NA,2021-08-06,NA,NA,NA,NA,NA,NA,NA,270,NA,NA,NA,218,NA,NA,NA,285,NA,NA,NA,NA,NA,NA,NA,NA,NA,NA,"HESR2",NA,2021-09-14,NA,257
"312","Salix richardsonii","KLUANECAM4",2021,NA,NA,NA,NA,"Southern",NA,172,NA,NA,NA,2021-09-27,NA,2021-10-12,NA,NA,NA,2021-08-07,NA,NA,NA,NA,NA,NA,NA,270,NA,NA,NA,219,NA,NA,NA,285,NA,NA,NA,NA,NA,NA,NA,NA,NA,NA,"KP17SR2",NA,2021-08-25,NA,237
"313","Salix richardsonii","KLUANECAM4",2021,NA,NA,NA,NA,"Southern",NA,173,NA,NA,NA,2021-09-27,NA,2021-10-12,NA,NA,NA,2021-08-10,NA,NA,NA,NA,NA,NA,NA,270,NA,NA,NA,222,NA,NA,NA,285,NA,NA,NA,NA,NA,NA,NA,NA,NA,NA,"KP17SR2",NA,2021-08-31,NA,243
"314","Salix richardsonii","KLUANECAM4",2022,NA,NA,NA,NA,"Southern",NA,174,NA,2022-04-23,2022-04-24,NA,NA,NA,NA,NA,NA,NA,NA,NA,NA,NA,NA,113,114,NA,NA,NA,NA,NA,NA,NA,NA,NA,NA,NA,NA,NA,NA,NA,NA,NA,NA,NA,"KPSR5",NA,NA,NA,NA
"315","Salix pulchra","KLUANECAM4",2022,NA,NA,NA,NA,"Southern",NA,175,NA,2022-04-23,2022-04-24,NA,NA,NA,NA,NA,NA,NA,NA,NA,NA,NA,NA,113,114,NA,NA,NA,NA,NA,NA,NA,NA,NA,NA,NA,NA,NA,NA,NA,NA,NA,NA,NA,"KLSPE6",2022-03-23,NA,82,NA
"316","Salix richardsonii","KLUANECAM4",2022,NA,NA,NA,NA,"Southern",NA,176,NA,2022-04-23,2022-04-24,NA,NA,NA,NA,NA,NA,NA,NA,NA,NA,NA,NA,113,114,NA,NA,NA,NA,NA,NA,NA,NA,NA,NA,NA,NA,NA,NA,NA,NA,NA,NA,NA,"KLSRE4",2022-03-23,NA,82,NA
"317","Salix richardsonii","KLUANECAM4",2022,NA,NA,NA,NA,"Northern",NA,177,NA,2022-04-23,2022-04-24,NA,NA,NA,NA,NA,NA,2022-08-06,NA,NA,NA,NA,NA,113,114,NA,NA,NA,NA,218,NA,NA,NA,NA,NA,NA,NA,NA,NA,NA,NA,NA,NA,NA,"HESR2",2022-03-23,NA,82,NA
"318","Salix richardsonii","KLUANECAM4",2022,NA,NA,NA,NA,"Southern",NA,178,NA,2022-04-23,2022-04-24,NA,NA,NA,NA,NA,NA,2022-08-08,NA,NA,NA,NA,NA,113,114,NA,NA,NA,NA,220,NA,NA,NA,NA,NA,NA,NA,NA,NA,NA,NA,NA,NA,NA,"KP17SR2",2022-03-23,NA,82,NA
"319","Salix richardsonii","KLUANECAM4",2022,NA,NA,NA,NA,"Southern",NA,179,NA,2022-04-23,2022-04-24,NA,NA,NA,NA,NA,NA,2022-08-04,NA,NA,NA,NA,NA,113,114,NA,NA,NA,NA,216,NA,NA,NA,NA,NA,NA,NA,NA,NA,NA,NA,NA,NA,NA,"KP17SR2",2022-03-23,NA,82,NA
